,vs media (NO MAPPING),,vs mejor word embedding,,,,,,,,,,,,,,,,,,,,
Embeddings,Media (Diferencia),Media Ponderada (Diferecia),Media (Diferencia),Media Ponderada (Diferecia),Media,Media Ponderada,SimLex 999,MTurk 287,MTurk 771,MEN DEV,MEN TEST,MEN ALL,WS353 all,WS353 relatedness,WS353 similarity,WS353 set1,WS353 set2,RG65,VERB 143,MC 30,YP 130,SimVerb 3500,RW
Normalize: False. Generate words: False,,,,,,,,,,,,,,,,,,,,,,,
GLOVE + W2V,0.040,0.047,0.015,0.005,0.644,0.576,0.4533945392,0.7102987366,0.731527182,0.8251839627,0.8252524235,0.8253390334,0.7654882634,0.7147026278,0.8174685155,0.7551059737,0.7100661402,0.8407732444,0.4368614296,0.8498943391,0.5824541519,0.356310265,0.5333165918
GLOVE + FT,0.041,0.044,-0.007,-0.015,0.668,0.605,0.4793199838,0.7376789939,0.7685596025,0.8505902929,0.8543563231,0.8518797297,0.7977660828,0.7467837601,0.844889446,0.7754184514,0.7540199011,0.8458436732,0.4413079536,0.8374318927,0.6371824158,0.3816838039,0.5704927227
GLOVE + jointcHYB,0.044,0.046,0.031,0.013,0.685,0.619,0.5340416062,0.7268318745,0.7743342696,0.8407127867,0.8478950059,0.843166787,0.8084053174,0.7513228568,0.8549457239,0.8126222523,0.7405639793,0.8841778627,0.4063431114,0.8643596787,0.7641166442,0.4840246514,0.4503585519
GLOVE + UKB,0.050,0.058,0.071,0.029,0.701,0.639,0.5512423962,0.7503805863,0.790863399,0.8530346268,0.8628909325,0.8565832351,0.8177620492,0.7690469306,0.8605146926,0.8283290717,0.747025672,0.89357564,0.4082295155,0.8694781835,0.7781529694,0.4945391128,0.5038512924
GLOVE + LEXVEC,0.046,0.054,0.012,0.005,0.642,0.578,0.4651578693,0.7298638594,0.7523636682,0.8322979543,0.8318433229,0.8322092796,0.777290235,0.7318504096,0.8224156017,0.7614992775,0.7377640375,0.7773054643,0.4124668859,0.8227440093,0.6138943167,0.3450378318,0.5356702261
W2V + FT,0.015,0.010,-0.014,-0.020,0.661,0.600,0.4761842236,0.7204100063,0.7439518488,0.8248567426,0.8276217322,0.825929373,0.7521581192,0.6973422516,0.8173788554,0.7207553689,0.7088923098,0.8560500965,0.466179126,0.8639145914,0.5875259405,0.3976090065,0.5777908234
W2V + jointcHYB,0.020,0.018,0.026,0.013,0.680,0.619,0.5404644891,0.6960779789,0.7442799251,0.8174144551,0.8204696737,0.818470779,0.7745032946,0.7131885957,0.83483532,0.7719369825,0.690384792,0.8930074023,0.4392485956,0.8757094068,0.7279685247,0.5031622375,0.4656681818
W2V + UKB,0.034,0.020,0.066,0.028,0.696,0.638,0.5593617459,0.7215623298,0.7600230068,0.8244983973,0.8296075098,0.8263374504,0.7744210409,0.7214340339,0.8376614067,0.7803759425,0.6892657154,0.8847461004,0.4668410308,0.8806053679,0.7422209617,0.5166031388,0.5181189759
W2V + LEXVEC,0.017,0.019,0.007,0.005,0.637,0.578,0.4670832604,0.7110820522,0.7367113116,0.8119099021,0.8147625204,0.8128639283,0.7337242908,0.6739834888,0.8013189366,0.7112910678,0.6995549202,0.8087989461,0.453475059,0.8191833104,0.5442734872,0.36384563,0.5505503174
FT + jointcHYB,0.028,0.024,0.030,0.028,0.705,0.648,0.5730299332,0.717857504,0.7802649758,0.8479102926,0.8516199887,0.8493489062,0.809869924,0.7518290339,0.8615733992,0.7994871627,0.746661147,0.9122182077,0.4205635416,0.8888394843,0.7750617499,0.5383444936,0.4855001039
FT + UKB,0.018,0.024,0.050,0.052,0.725,0.672,0.5916682593,0.7506894959,0.7961322184,0.8560878261,0.8655974432,0.8595597806,0.8178483951,0.7754528836,0.8644604547,0.814445081,0.7594180209,0.9048966835,0.4678121326,0.8886169406,0.7919731828,0.5560304425,0.5487610336
FT + LEXVEC,0.006,0.003,-0.009,-0.013,0.666,0.607,0.4965876294,0.7413714412,0.7740069002,0.8407458581,0.8424089827,0.8411979552,0.7758400875,0.7217099941,0.8358502725,0.7412337107,0.7498188633,0.8206445167,0.4697025589,0.8443307469,0.5960172196,0.3900492958,0.5788650344
jointcHYB + UKB,0.035,0.034,0.007,0.006,0.661,0.616,0.5563953121,0.6522732223,0.7080469714,0.7911865439,0.8023112797,0.7950994022,0.7592687662,0.6922966028,0.8311484963,0.7830951071,0.65926066,0.8763536666,0.2827957082,0.8935129017,0.8045787931,0.5688802883,0.3771354832
jointcHYB + LEXVEC,0.032,0.020,0.038,0.022,0.692,0.628,0.555817155,0.7168561494,0.771316491,0.8321566669,0.8418616042,0.8354471357,0.7999675624,0.7370617845,0.8542937156,0.7950289391,0.7336552561,0.8731190828,0.4483769413,0.8948481638,0.7435969647,0.5020915947,0.4711629984
UKB + LEXVEC,0.026,0.018,0.074,0.035,0.704,0.645,0.567419542,0.7563184031,0.7898279163,0.8420346067,0.8505313897,0.8450192369,0.8094196431,0.7621531729,0.8569297228,0.7984701985,0.7548704593,0.8694911036,0.4241714403,0.8883943969,0.7616792313,0.5109269316,0.5161942235
GLOVE + W2V + FT,0.036,0.034,-0.010,-0.021,0.665,0.599,0.4726454703,0.7274164422,0.7551333865,0.8387025356,0.8418564245,0.8399059463,0.7809212646,0.7299659308,0.8304355191,0.7568416819,0.7353961253,0.8646829385,0.4480028782,0.8656949409,0.6078623352,0.3815311344,0.5666003727
GLOVE + W2V + jointcHYB,0.037,0.038,0.027,0.007,0.681,0.613,0.5156680183,0.7200680989,0.7651926963,0.8358536823,0.8400501774,0.837407156,0.7995437445,0.7483191641,0.845760225,0.7957242276,0.7308493139,0.8876091442,0.4388343107,0.8701458146,0.6998904031,0.4488089392,0.5039335313
GLOVE + W2V + UKB,0.042,0.044,0.064,0.019,0.694,0.629,0.5336372712,0.7487870492,0.7815843898,0.8459299266,0.8513922204,0.8479913035,0.8057696528,0.7634463617,0.8475727938,0.8005074777,0.7414340389,0.8886144878,0.4394215495,0.878379931,0.7140853927,0.4584083649,0.5384331305
GLOVE + W2V + LEXVEC,0.044,0.049,0.019,0.010,0.649,0.583,0.4652714678,0.7222548339,0.7476571868,0.8289546771,0.8303466508,0.8295432253,0.7710877887,0.7229671882,0.8216395038,0.7527235633,0.7284558999,0.823988377,0.4376879883,0.8530099507,0.5812805828,0.3574940673,0.546929591
GLOVE + FT + jointcHYB,0.038,0.036,0.022,0.014,0.697,0.634,0.5361000945,0.7384742395,0.7892305451,0.8547373273,0.8600187798,0.8566488746,0.8164604494,0.7661628457,0.8611344233,0.8033137628,0.7598027972,0.8944279966,0.4282660232,0.8652498535,0.746058998,0.4710967809,0.5257085871
GLOVE + FT + UKB,0.045,0.046,0.039,0.032,0.714,0.652,0.5540800898,0.7642637518,0.8048460749,0.8636827497,0.8721576006,0.8666398925,0.8275192733,0.7852892177,0.8671445197,0.818921734,0.7738205074,0.9048311176,0.440791103,0.8768221252,0.7615916923,0.4831575401,0.5646226951
GLOVE + FT + LEXVEC,0.033,0.034,-0.010,-0.020,0.665,0.600,0.4827503142,0.7405081695,0.7700423216,0.8456104789,0.8474883072,0.8462178878,0.7920703902,0.7451276235,0.8383234569,0.7645870287,0.7565348234,0.8226114933,0.4484292297,0.8465561838,0.6216825486,0.3737984717,0.5664808601
GLOVE + jointcHYB + UKB,0.045,0.047,0.048,0.030,0.702,0.640,0.5647548339,0.7381328397,0.7786123011,0.8455915267,0.8571777112,0.8496565725,0.8146620538,0.7626496014,0.8641584795,0.823207392,0.7413815353,0.8956081826,0.4151597379,0.8868365911,0.7967632053,0.5347614093,0.4450064062
GLOVE + jointcHYB + LEXVEC,0.047,0.045,0.030,0.044,0.684,0.617,0.5234281991,0.7373670383,0.7809859974,0.8432544352,0.8490017008,0.8451132639,0.8081398685,0.7575499604,0.8517251328,0.7993464296,0.7518462522,0.8639180031,0.4370947163,0.867030203,0.7134206437,0.443023495,0.5095222551
GLOVE + UKB + LEXVEC,0.044,0.051,0.063,0.020,0.693,0.630,0.5361442015,0.7600636468,0.7962740663,0.8517949233,0.8587628222,0.8542673057,0.816398384,0.7756043617,0.8546279685,0.8082746046,0.7608858714,0.8664750728,0.4061963017,0.8710359893,0.7280970975,0.4501227973,0.5403334324
W2V + FT + jointcHYB,0.027,0.021,0.017,0.012,0.692,0.632,0.5370083108,0.7178542042,0.7722929174,0.8386566278,0.8434873844,0.8402837932,0.7927112323,0.7393774511,0.8459818648,0.7730678735,0.7258404708,0.8979904099,0.452553979,0.8757094068,0.7111528375,0.4837330309,0.5296750365
W2V + FT + UKB,0.034,0.025,0.032,0.030,0.707,0.650,0.5553851245,0.7464584239,0.78679008,0.8467249864,0.854169068,0.8493098127,0.799691201,0.7535106669,0.8528297453,0.7848911295,0.7342695482,0.8949962343,0.4735739106,0.8859464163,0.7210365333,0.4983171443,0.5668044368
W2V + FT + LEXVEC,0.015,0.012,-0.017,-0.022,0.658,0.598,0.480427202,0.7274677157,0.7585907559,0.8298387885,0.8338066652,0.8311518582,0.7598684133,0.7076195223,0.8192911262,0.726614222,0.727391577,0.8391778078,0.4650287815,0.848559077,0.5693944333,0.3857659921,0.5721157591
W2V + jointcHYB + UKB,0.040,0.030,0.040,0.030,0.694,0.640,0.5703709785,0.7081127631,0.7578390212,0.8297209298,0.8371466705,0.8323741815,0.7892232941,0.7341165834,0.8484399864,0.7971985744,0.6992879019,0.8925047305,0.4145845656,0.8821631737,0.7799639317,0.5478006005,0.4599470174
W2V + jointcHYB + LEXVEC,0.032,0.024,0.028,0.044,0.682,0.617,0.5269757328,0.7201592234,0.7673210162,0.8274553271,0.8352046652,0.8300256067,0.7846517352,0.728623624,0.8392760059,0.7702347822,0.721552427,0.8831725191,0.4655074214,0.8763770378,0.6760442431,0.4580160586,0.5157125078
W2V + UKB + LEXVEC,0.036,0.026,0.059,0.058,0.689,0.631,0.5416915406,0.7438833309,0.782524644,0.8369580213,0.8446435955,0.8395085512,0.7905392167,0.744450096,0.8419650919,0.7743931103,0.7338720209,0.866125388,0.4516670875,0.8605764361,0.691754751,0.4686395105,0.545516059
FT + jointcHYB + UKB,0.034,0.035,0.037,0.038,0.712,0.658,0.5887823122,0.7302273422,0.7775491034,0.847626236,0.8566780903,0.8507965469,0.8116842794,0.7612191823,0.8660893996,0.8144400548,0.7398701818,0.9024926009,0.426574695,0.8903972901,0.8057769827,0.5686816537,0.4753142108
FT + jointcHYB + LEXVEC,0.026,0.018,0.026,0.018,0.701,0.638,0.5510394463,0.7348815468,0.7914069113,0.8485781264,0.8542966937,0.8504840652,0.8082710924,0.7538196224,0.8585665578,0.7843985637,0.7551607292,0.8907781621,0.4616360696,0.8852787853,0.7202760385,0.4811145883,0.5332251391
FT + UKB + LEXVEC,0.024,0.018,0.038,0.034,0.713,0.654,0.5635443804,0.7685684341,0.8058351216,0.8564931744,0.8641781183,0.8590996886,0.8153425905,0.7727637706,0.8620977315,0.7952567927,0.769668223,0.8910185704,0.4700746109,0.8792701057,0.7332208623,0.493239161,0.5679049644
jointcHYB + UKB + LEXVEC,0.043,0.034,0.049,0.035,0.703,0.645,0.5763878893,0.7324897182,0.772155704,0.8377931183,0.8500897657,0.8420773683,0.8074654701,0.7545575162,0.8617297664,0.8061602573,0.7362241821,0.8881555266,0.4131184797,0.9033048239,0.7917625422,0.5465947832,0.4611706464
GLOVE + W2V + FT + jointcHYB,0.034,0.032,0.013,0.003,0.688,0.623,0.5169539032,0.7290290165,0.7768802649,0.8449031451,0.8501261555,0.846772706,0.8037269514,0.754767111,0.8500782559,0.78497825,0.7438657055,0.8946246943,0.4426513629,0.8772672126,0.6926246694,0.4458535,0.541330969
GLOVE + W2V + FT + UKB,0.038,0.038,0.023,0.016,0.698,0.636,0.53197054,0.7553766983,0.7899763885,0.8526375736,0.8594777273,0.8550811386,0.8102383605,0.7683094118,0.8534021355,0.7919277847,0.7576051467,0.8928544153,0.4469912991,0.8730388825,0.7016794806,0.4558210169,0.5673772838
GLOVE + W2V + FT + LEXVEC,0.033,0.034,-0.015,-0.023,0.660,0.597,0.4760959554,0.7296557198,0.7609373264,0.838128551,0.8409927308,0.8391464232,0.7808435123,0.7333224477,0.828039801,0.7534540351,0.7408107462,0.8415163245,0.4497243728,0.8398798732,0.5957737519,0.3756767746,0.5661097599
GLOVE + W2V + jointcHYB + UKB,0.042,0.043,0.047,0.028,0.701,0.638,0.5542627843,0.7350394283,0.7809860367,0.845762996,0.8536300502,0.8485041327,0.8127638078,0.7660109926,0.8590478532,0.8130963888,0.7398214285,0.8983182393,0.4371510268,0.8866140474,0.7543615213,0.5044332735,0.4958888389
GLOVE + W2V + jointcHYB + LEXVEC,0.043,0.042,0.024,0.038,0.678,0.611,0.5092213878,0.7287713803,0.7717793457,0.8366337669,0.8417267402,0.8383826309,0.7985232805,0.7504953509,0.8430546416,0.7852429623,0.7406922381,0.8737528864,0.4488917808,0.8632469603,0.6701080074,0.4252000258,0.5282652429
GLOVE + W2V + UKB + LEXVEC,0.047,0.046,0.056,0.012,0.686,0.622,0.5217868163,0.7488840118,0.7847989618,0.8444318002,0.850783724,0.846673855,0.8044875593,0.7639480395,0.8465105008,0.7894733323,0.7530290832,0.8689010106,0.4301363386,0.8732614262,0.6859580304,0.4326492996,0.5503094059
GLOVE + FT + jointcHYB + UKB,0.038,0.042,0.040,0.034,0.715,0.654,0.5686990597,0.7507704673,0.7971576337,0.8593485456,0.8682913197,0.8625846287,0.8250146963,0.776929796,0.8696693484,0.8228522085,0.7606061022,0.9078690037,0.4420761907,0.8846111542,0.7869096011,0.5217435104,0.5136419882
GLOVE + FT + jointcHYB + LEXVEC,0.033,0.033,0.015,0.006,0.690,0.626,0.5254424841,0.7428827378,0.7887139623,0.8510847094,0.8561218229,0.8527353367,0.8118365101,0.7627054684,0.8570244039,0.7913950093,0.7608498689,0.8751297701,0.4438841622,0.8607989798,0.7072081131,0.4414214674,0.5420800794
GLOVE + FT + UKB + LEXVEC,0.037,0.037,0.025,0.017,0.700,0.637,0.5373292705,0.7654516705,0.8008046092,0.8580134129,0.8649452225,0.860409687,0.8189205576,0.7787175386,0.8592013513,0.8006900957,0.7734064791,0.8809214235,0.4432707792,0.8710359893,0.7110297358,0.4493842174,0.5666413818
GLOVE + jointcHYB + UKB + LEXVEC,0.050,0.048,0.051,0.031,0.705,0.641,0.5584700916,0.7513898096,0.7918250449,0.850691587,0.8602282781,0.8539846763,0.8208868708,0.7733325637,0.8633730569,0.8180438275,0.7547316998,0.8860355629,0.4360107378,0.885501329,0.7680039212,0.5000144563,0.5008493396
W2V + FT + jointcHYB + UKB,0.039,0.032,0.056,0.043,0.710,0.653,0.5704682317,0.731627208,0.7835485196,0.8475641339,0.8554916534,0.8502948054,0.8063549771,0.7579151579,0.8584876569,0.8019432904,0.7309595714,0.9052245129,0.4533282493,0.8941805327,0.7669671316,0.5326282199,0.5180482479
W2V + FT + jointcHYB + LEXVEC,0.026,0.019,0.034,0.052,0.688,0.625,0.5257691911,0.7284639936,0.7787754621,0.8384552917,0.8449023819,0.8405685054,0.7932173039,0.741275428,0.8447646392,0.7680852516,0.7385208394,0.8902973456,0.4625732384,0.8799377368,0.6723265729,0.4515909433,0.5457205514
W2V + FT + UKB + LEXVEC,0.033,0.020,0.021,0.017,0.696,0.637,0.5377677705,0.7524426914,0.7916303331,0.8456982634,0.8538385282,0.8484266436,0.7988962184,0.7540805848,0.8486759718,0.7750146815,0.7482865083,0.8835877697,0.4673234373,0.8685880088,0.6762767685,0.46197787,0.5693638171
W2V + jointcHYB + UKB + LEXVEC,0.048,0.032,0.048,0.032,0.702,0.642,0.5624788756,0.7373627232,0.7794913519,0.8394766424,0.8488084018,0.842685266,0.8037433203,0.7529373744,0.8543073439,0.7954930232,0.7346678254,0.8870190512,0.4616320474,0.8859464163,0.7450358864,0.5132541259,0.5064440696
FT + jointcHYB + UKB + LEXVEC,0.032,0.029,0.062,0.047,0.716,0.657,0.5774812959,0.7498340929,0.7951676531,0.853934742,0.8630737941,0.8571119646,0.8179629774,0.769071677,0.8663827675,0.803935334,0.7564958207,0.8952584978,0.4586395428,0.8972961444,0.7756061328,0.5306759817,0.5205544437
GLOVE + W2V + FT + jointcHYB + UKB,0.040,0.037,0.032,0.025,0.707,0.645,0.5530407141,0.7431957087,0.7907735904,0.8530484549,0.8605484826,0.8557026399,0.8154249806,0.769746205,0.8608625738,0.8093384799,0.7494813402,0.9017713761,0.4496338737,0.8946256201,0.7499599529,0.4942763323,0.5337349242
GLOVE + W2V + FT + jointcHYB + LEXVEC,0.037,0.033,0.007,-0.003,0.682,0.617,0.5110465226,0.734918352,0.7785653938,0.8433420553,0.8481359364,0.8450324768,0.8009101378,0.7535826565,0.8468877906,0.7786653652,0.7500393784,0.876528509,0.4520270729,0.8654723972,0.6652140324,0.4272773939,0.548510702
GLOVE + W2V + FT + UKB + LEXVEC,0.039,0.035,0.015,0.007,0.690,0.627,0.5225678933,0.7527488089,0.78945398,0.8498578303,0.8562751369,0.8520900267,0.8078599604,0.7668831171,0.8499670774,0.7872852677,0.7612976496,0.8784954857,0.4471964304,0.8663625719,0.6736396573,0.4347478553,0.5667268206
GLOVE + W2V + jointcHYB + UKB + LEXVEC,0.051,0.046,0.044,0.024,0.698,0.634,0.545047914,0.7451187156,0.7868946835,0.8461305373,0.8537883999,0.84882912,0.8137396667,0.7695069894,0.8556830886,0.8047361724,0.7499336212,0.8871283277,0.4468022564,0.8846111542,0.7251262441,0.4768067046,0.5230553488
GLOVE + FT + jointcHYB + UKB + LEXVEC,0.036,0.038,0.034,0.027,0.709,0.647,0.5574160737,0.7542128933,0.7995034318,0.857464086,0.8655894666,0.8603349899,0.8221707376,0.7767843169,0.8642036682,0.8091324064,0.7654709355,0.8906033198,0.4511019707,0.8830533484,0.7558141209,0.4907127698,0.5350980546
W2V + FT + jointcHYB + UKB + LEXVEC,0.038,0.028,0.032,0.027,0.707,0.647,0.5588468274,0.7434315156,0.7910462368,0.8479346749,0.8564460126,0.850786882,0.8082222586,0.7606470147,0.8573299655,0.7928995132,0.7462538691,0.8979029887,0.4668065867,0.8812729989,0.7343014214,0.5006460991,0.5384304458
GLOVE + W2V + FT + jointcHYB + UKB + LEXVEC,0.042,0.037,0.027,0.018,0.702,0.638,0.5427717795,0.7482141576,0.7926000434,0.8511040426,0.8585067067,0.8537299094,0.8131480676,0.7689306973,0.8578413868,0.7972940719,0.7571153631,0.8953896296,0.4543860836,0.8830533484,0.7211268078,0.4711904166,0.5446688543
Normalize: True. Generate words: False,,,,,0.689,,,,,,,,,,,,,,,,,,
GLOVE + W2V,0.040,0.047,0.015,0.005,0.644,0.576,0.4542629153,0.7113810625,0.7311099516,0.8246279723,0.8247734192,0.8247428638,0.7632968779,0.7113412366,0.8159012568,0.752530893,0.7073277026,0.8423686811,0.4388865991,0.8498943391,0.5812887895,0.3572925808,0.5337094147
GLOVE + FT,0.043,0.045,-0.005,-0.014,0.670,0.606,0.4817765543,0.7386059766,0.7695970883,0.8512428532,0.8550812755,0.8525093703,0.7979331819,0.7466888988,0.8454044537,0.7742021153,0.7552994887,0.8496464947,0.4436428312,0.8401024169,0.6376830293,0.3839617543,0.5714786998
GLOVE + jointcHYB,0.041,0.046,0.029,0.013,0.683,0.619,0.5326563798,0.7268201984,0.7749190597,0.8410326958,0.8483288059,0.8435639847,0.8084103644,0.751543325,0.8539035148,0.8109368058,0.7415345458,0.8788014598,0.4059328487,0.8458885527,0.7597068691,0.4801773149,0.4574065579
GLOVE + UKB,0.054,0.062,0.075,0.033,0.705,0.643,0.5577171916,0.7508456007,0.7893282741,0.8528332568,0.8622567657,0.8562334182,0.8174203486,0.7684503915,0.8610856482,0.8291567164,0.7473871967,0.8963512627,0.4122416437,0.8834984358,0.7857524454,0.5056192863,0.4993665907
GLOVE + LEXVEC,0.045,0.055,0.012,0.005,0.642,0.578,0.4658910418,0.7293569633,0.7528486871,0.8321431636,0.8315758637,0.8320216429,0.7773784906,0.7324064545,0.8223438736,0.7597769723,0.7385605921,0.774923237,0.4114995508,0.8227440093,0.6109945887,0.3456815153,0.536093765
W2V + FT,0.015,0.010,-0.015,-0.019,0.660,0.601,0.4764382193,0.7207166314,0.7442953209,0.8249624717,0.8278744986,0.8261022634,0.7530511787,0.6980636477,0.8184124571,0.7222581974,0.7094045949,0.8563342153,0.4624485507,0.8616891545,0.5878159133,0.3980537881,0.5783871367
W2V + jointcHYB,0.020,0.017,0.025,0.011,0.679,0.617,0.5362645584,0.6981309461,0.7440277672,0.8170956789,0.8199696146,0.8181728669,0.7732979985,0.7122283589,0.8343368098,0.7684538383,0.6889844461,0.896154565,0.4446443549,0.8757094068,0.7185553508,0.4954090786,0.4733558149
W2V + UKB,0.035,0.021,0.067,0.029,0.697,0.639,0.5608144056,0.7199193291,0.7601312615,0.8247227159,0.8298927708,0.8266273634,0.7760556112,0.7241092738,0.838540793,0.7840031707,0.6911895971,0.8879806842,0.4674112463,0.8850562416,0.7442699205,0.5208380429,0.5140731047
W2V + LEXVEC,0.017,0.019,0.007,0.005,0.637,0.578,0.4666283669,0.7111071813,0.7364118405,0.8118390569,0.8145574695,0.8127464447,0.7336824137,0.6742560745,0.8016036971,0.7103042607,0.7000537043,0.810263251,0.4534891367,0.8236341841,0.5436278873,0.3638552022,0.5505962509
FT + jointcHYB,0.028,0.025,0.030,0.029,0.705,0.649,0.5708389373,0.7203371574,0.7837977661,0.8497729552,0.8535746642,0.8512661537,0.8099617262,0.7532058357,0.8615949176,0.7961665317,0.7479174831,0.9100545334,0.4224419013,0.8886169406,0.7696890462,0.5323421904,0.4987388856
FT + UKB,0.017,0.023,0.049,0.051,0.724,0.671,0.5911771185,0.7490751449,0.7944785357,0.8548045811,0.864312178,0.8582987655,0.8164128432,0.7739167297,0.8639440125,0.8128149226,0.7559302819,0.9025581668,0.4662294033,0.8901747464,0.7943640907,0.5569851749,0.5455192057
FT + LEXVEC,0.007,0.004,-0.008,-0.012,0.667,0.608,0.4967955442,0.7415146007,0.7742619645,0.8410675302,0.8426563594,0.8414610515,0.7765002995,0.7224673851,0.8363143532,0.7421836592,0.7500236273,0.8228519016,0.4700947218,0.8501168828,0.5972072024,0.3904922232,0.5790892
jointcHYB + UKB,0.034,0.034,0.006,0.006,0.660,0.616,0.5553279461,0.653336765,0.7090514138,0.7911696504,0.8024338456,0.7952448156,0.7568194342,0.6912861233,0.828736998,0.7838775161,0.6541055568,0.8735561887,0.2795477949,0.8908423774,0.8015969973,0.5687731747,0.3787582267
jointcHYB + LEXVEC,0.030,0.019,0.037,0.021,0.691,0.627,0.5529228247,0.7188768804,0.7735143406,0.8326931027,0.8419085215,0.8357980456,0.8002750248,0.7386894252,0.8533612505,0.7942817133,0.7360224182,0.8713269485,0.4501829018,0.8837209795,0.735814204,0.4941898825,0.4800537248
UKB + LEXVEC,0.026,0.018,0.073,0.036,0.703,0.646,0.569077944,0.755153329,0.7883193805,0.8417463908,0.8501396359,0.8447684725,0.8096809997,0.7618213456,0.8580910005,0.8023654897,0.7545711888,0.8683109176,0.4202478002,0.8834984358,0.7645598102,0.5157654355,0.5125623786
GLOVE + W2V + FT,0.037,0.035,-0.010,-0.021,0.665,0.599,0.4732739391,0.7276659559,0.7550270432,0.838564303,0.8418344453,0.839796363,0.7801672043,0.7295167455,0.8307970287,0.7546720466,0.7349153424,0.8655790056,0.4516650764,0.8656949409,0.607085427,0.382926904,0.5673250928
GLOVE + W2V + jointcHYB,0.037,0.037,0.026,0.007,0.680,0.613,0.5130641898,0.7200208867,0.7641647544,0.8354643385,0.8395040833,0.8369976354,0.7983018912,0.7479059736,0.8448213044,0.793251346,0.7307420565,0.8882429478,0.4447851313,0.8730388825,0.6888714364,0.4438377965,0.5098267102
GLOVE + W2V + UKB,0.045,0.047,0.067,0.022,0.697,0.632,0.538822992,0.7508976356,0.7827030568,0.8462903245,0.8515828966,0.848306362,0.8072794104,0.7652824725,0.8488108206,0.8029217206,0.7426768741,0.8936193506,0.4437494191,0.8779348436,0.7216274212,0.4664190774,0.5369320563
GLOVE + W2V + LEXVEC,0.044,0.049,0.019,0.010,0.649,0.583,0.4657732968,0.7225551133,0.7475737146,0.8285126796,0.829847222,0.8290837396,0.7706748834,0.7229353178,0.8219701703,0.7512106824,0.7289749355,0.8254526818,0.4404069845,0.8496717954,0.5821915351,0.3581969024,0.5472190391
GLOVE + FT + jointcHYB,0.039,0.037,0.023,0.015,0.698,0.635,0.5350933492,0.7396106309,0.7896590866,0.8553507458,0.8606508725,0.8573018508,0.8159785219,0.7656859144,0.8605233,0.8024107254,0.7601170687,0.8937067718,0.4333359857,0.8688105525,0.7402075656,0.4672651933,0.5338053066
GLOVE + FT + UKB,0.047,0.049,0.040,0.035,0.715,0.655,0.5595580758,0.7656961076,0.8057590985,0.8638831346,0.8722898418,0.8668168598,0.8285170937,0.7857856463,0.8686142283,0.8208852959,0.7727029309,0.9044814328,0.4433351341,0.8770446689,0.7644257662,0.4908275695,0.5633287526
GLOVE + FT + LEXVEC,0.034,0.035,-0.010,-0.019,0.665,0.601,0.4842521181,0.740565281,0.7703174554,0.8458863506,0.8475981671,0.8464394544,0.7926308883,0.7457406602,0.8392085815,0.7645853533,0.7579591709,0.8210597673,0.4513674348,0.8465561838,0.618900451,0.3751518077,0.5671268197
GLOVE + jointcHYB + UKB,0.045,0.049,0.048,0.031,0.702,0.641,0.5666102339,0.7388897572,0.7783540032,0.8456068313,0.8572287699,0.849713391,0.8139797437,0.7616158752,0.8645357692,0.8250318962,0.7410942657,0.8949962343,0.4098243113,0.8857238726,0.7979860152,0.5380317192,0.4475499964
GLOVE + jointcHYB + LEXVEC,0.046,0.044,0.030,0.043,0.684,0.616,0.5215981595,0.7374759309,0.7807521416,0.8430637935,0.8486307618,0.8448571617,0.8076350246,0.7572413799,0.8507611073,0.7978469519,0.753041084,0.8633279101,0.441032434,0.8679203777,0.7091968888,0.4376819374,0.5147114332
GLOVE + UKB + LEXVEC,0.046,0.054,0.065,0.023,0.695,0.633,0.5421031516,0.7624750203,0.7973711844,0.8522625966,0.8595050303,0.8548226355,0.8172618431,0.7760505475,0.8565926008,0.8095613073,0.7623814739,0.8679393776,0.4085895009,0.867030203,0.7322442558,0.4583439669,0.5392012686
W2V + FT + jointcHYB,0.026,0.020,0.016,0.011,0.691,0.631,0.5330167283,0.7187453971,0.7720890545,0.8386866353,0.8435103119,0.8403265438,0.7918398616,0.7388371539,0.8455321297,0.7715851498,0.7266895289,0.8960234332,0.4522161156,0.8792701057,0.7008478605,0.4769369458,0.5384385499
W2V + FT + UKB,0.035,0.026,0.033,0.031,0.708,0.651,0.5574798059,0.7471201556,0.7875714293,0.8470919421,0.8546250667,0.8496928289,0.801378561,0.755489632,0.8545741724,0.7884630697,0.7356743944,0.895192932,0.4726870191,0.8859464163,0.7248143865,0.5018514045,0.5654174777
W2V + FT + LEXVEC,0.015,0.012,-0.017,-0.021,0.658,0.599,0.4803304483,0.7275055361,0.7587096279,0.8299333003,0.8339382342,0.8312486018,0.760437778,0.7081748174,0.8197674007,0.7274100342,0.7278431079,0.8397460455,0.464974482,0.848559077,0.5697801518,0.386162889,0.57243483
W2V + jointcHYB + UKB,0.039,0.031,0.040,0.030,0.694,0.640,0.5696011013,0.7091425465,0.7586204346,0.8300336113,0.8371888458,0.8326056892,0.7903528841,0.7371303996,0.8496995316,0.7981284181,0.7021981012,0.8924610199,0.4133779105,0.8739290573,0.7796383962,0.5476419936,0.4632750416
W2V + jointcHYB + LEXVEC,0.031,0.022,0.027,0.042,0.681,0.615,0.5229616785,0.7196340517,0.7669450245,0.8270124923,0.8342488174,0.8294226485,0.7828519755,0.7273420585,0.8375236887,0.767002947,0.7204678527,0.8783862092,0.4645903635,0.8821631737,0.6670195234,0.4505991258,0.5215730026
W2V + UKB + LEXVEC,0.038,0.028,0.062,0.060,0.692,0.633,0.5443588906,0.7453431002,0.7833806404,0.8375600289,0.845200139,0.8401136554,0.7932192136,0.7470600953,0.8441621232,0.7784291346,0.7351253568,0.8729660957,0.4530285967,0.8616891545,0.6963423396,0.4737497757,0.5438986634
FT + jointcHYB + UKB,0.034,0.036,0.037,0.039,0.712,0.659,0.5887655336,0.7306248381,0.7787349697,0.8481397974,0.8571466391,0.8513439725,0.8117167443,0.7622682813,0.8660972897,0.8134582739,0.740222706,0.9022959032,0.4222991138,0.8863915037,0.8062338266,0.5681588109,0.4812191544
FT + jointcHYB + LEXVEC,0.025,0.017,0.024,0.017,0.699,0.637,0.5474765362,0.7363001959,0.7922275603,0.848886362,0.8542184581,0.8506888763,0.8076041965,0.7533378167,0.8589137217,0.7834234843,0.7552349843,0.8898383844,0.4636954276,0.8788250184,0.7102008513,0.4741942252,0.5409180099
FT + UKB + LEXVEC,0.025,0.019,0.039,0.035,0.714,0.655,0.5658388462,0.7693984543,0.8058006383,0.8565867837,0.864321241,0.8592377726,0.8162281476,0.7728560073,0.8633343237,0.7970528151,0.7691529377,0.8888111855,0.4701972875,0.8814955426,0.7372613325,0.4970776149,0.5664719051
jointcHYB + UKB + LEXVEC,0.042,0.035,0.049,0.035,0.703,0.645,0.5761335625,0.7352952878,0.7729359784,0.8382567929,0.8501747834,0.8423811768,0.8074141809,0.7547554877,0.8618445314,0.8084304163,0.7358161541,0.8873250253,0.4076764653,0.9015244744,0.7899597867,0.5465039353,0.4649140435
GLOVE + W2V + FT + jointcHYB,0.033,0.031,0.012,0.003,0.687,0.623,0.5149940884,0.7304098451,0.7763555261,0.8448885832,0.8499570684,0.8467378571,0.8024140298,0.7533558141,0.8497468721,0.7826879863,0.7434884297,0.8933570871,0.446245184,0.8772672126,0.6856899423,0.441977751,0.5470019122
GLOVE + W2V + FT + UKB,0.040,0.040,0.025,0.019,0.700,0.639,0.5363611556,0.757089535,0.7915182556,0.8531216873,0.8597472633,0.8555406923,0.8114723022,0.7698909341,0.8553251655,0.7932865292,0.7573261276,0.8934445083,0.4507641073,0.8730388825,0.7058512592,0.4616718014,0.5670141981
GLOVE + W2V + FT + LEXVEC,0.034,0.034,-0.015,-0.023,0.660,0.597,0.4765516854,0.7306327068,0.7611544381,0.8380470032,0.8409355502,0.8390620866,0.7802697827,0.7327199094,0.8280082407,0.7526934062,0.7406569857,0.8428494976,0.4511381704,0.8425503975,0.5947779962,0.3766180956,0.5667223641
GLOVE + W2V + jointcHYB + UKB,0.043,0.044,0.048,0.030,0.702,0.640,0.5560888201,0.7378376369,0.7813969686,0.8459329073,0.8536426844,0.8486356077,0.8122992041,0.7657177848,0.8588348208,0.8126842419,0.7395131574,0.9014872573,0.4367226643,0.8924001832,0.7532727555,0.5062760588,0.4990307796
GLOVE + W2V + jointcHYB + LEXVEC,0.042,0.041,0.023,0.036,0.677,0.609,0.5065646539,0.729311528,0.7709632788,0.8361006411,0.8409678707,0.8377956636,0.7972800631,0.7492910242,0.8417133263,0.7825321747,0.7415630478,0.870846132,0.4513151464,0.8645822224,0.6662754423,0.420700073,0.532267083
GLOVE + W2V + UKB + LEXVEC,0.049,0.049,0.058,0.014,0.688,0.624,0.5260236563,0.7509610927,0.7861864393,0.8449185704,0.8513228138,0.8471600844,0.8055127976,0.7650796266,0.8480311363,0.7909677838,0.7530688359,0.8747145194,0.4287124856,0.870590902,0.6879686909,0.4385549947,0.5501209382
GLOVE + FT + jointcHYB + UKB,0.039,0.044,0.041,0.036,0.716,0.656,0.570726392,0.7530907163,0.7982118505,0.8597590653,0.8687210355,0.8629911883,0.8257727125,0.77825673,0.8699806483,0.8233498005,0.7614859125,0.9087869262,0.4447428984,0.8850562416,0.7879409195,0.5235763244,0.5183565491
GLOVE + FT + jointcHYB + LEXVEC,0.033,0.032,0.015,0.005,0.690,0.625,0.5234574954,0.7433782116,0.7888278464,0.8511897543,0.8558700588,0.8527861521,0.811021612,0.7623001517,0.8566872819,0.789692809,0.7613411526,0.8723322921,0.4502030127,0.8607989798,0.701247257,0.4372273211,0.5472182335
GLOVE + FT + UKB + LEXVEC,0.039,0.040,0.027,0.020,0.702,0.640,0.5416905235,0.7667149763,0.8026921085,0.8586006299,0.8653833173,0.860931625,0.820321462,0.7799353634,0.8610096164,0.8020304109,0.7742645379,0.8842871392,0.441273765,0.8710359893,0.7148130603,0.4553847054,0.5664824128
GLOVE + jointcHYB + UKB + LEXVEC,0.051,0.050,0.052,0.033,0.706,0.643,0.5605255587,0.7542024863,0.7921359712,0.8509557406,0.8602972226,0.8542422386,0.8214866543,0.7749902002,0.8636764667,0.8184492729,0.7549897175,0.8868004982,0.435403388,0.885501329,0.7691173073,0.5018710161,0.5039018335
W2V + FT + jointcHYB + UKB,0.039,0.032,0.057,0.044,0.711,0.654,0.57040997,0.734350537,0.7841031677,0.8480012768,0.855705227,0.8506833629,0.8076133358,0.7600043572,0.8586526315,0.8027793121,0.733800766,0.9039569057,0.4560251235,0.8912874648,0.7651014575,0.5317485798,0.5231034746
W2V + FT + jointcHYB + LEXVEC,0.025,0.017,0.033,0.050,0.687,0.623,0.5221238384,0.729292237,0.7784477,0.8383127431,0.8444237918,0.8403231993,0.7916849027,0.7399601173,0.8447696601,0.7660529986,0.7386438478,0.8867786429,0.4656481978,0.8812729989,0.6629544329,0.4460172159,0.5508987914
W2V + FT + UKB + LEXVEC,0.035,0.022,0.022,0.019,0.697,0.639,0.540116538,0.7535836518,0.7927934592,0.846365569,0.8542348855,0.8489978265,0.8007858706,0.7565252329,0.8505265564,0.7774071442,0.7489540541,0.8863196817,0.4667985423,0.8668076593,0.6806181538,0.4659084246,0.5690631974
W2V + jointcHYB + UKB + LEXVEC,0.049,0.033,0.049,0.032,0.703,0.642,0.5622485896,0.7393400495,0.7803530301,0.8397673932,0.8489231772,0.8429639209,0.8045909562,0.7549092155,0.8565151345,0.7961179452,0.7353661233,0.8866693664,0.4622454304,0.8912874648,0.742762609,0.5126792127,0.5096342063
FT + jointcHYB + UKB + LEXVEC,0.033,0.029,0.062,0.048,0.716,0.658,0.5774509885,0.7513433589,0.7959490403,0.8543571062,0.8633864901,0.8575248365,0.818428536,0.7702865022,0.8668533037,0.8054884243,0.7564035644,0.8942750095,0.4559446798,0.8972961444,0.7743368179,0.5296714701,0.5251909472
GLOVE + W2V + FT + jointcHYB + UKB,0.041,0.039,0.034,0.026,0.709,0.646,0.5543854986,0.745860911,0.7916541598,0.8533421166,0.8607945748,0.8560030445,0.8155497934,0.7700131665,0.8616185879,0.8087202595,0.7501083831,0.9031264045,0.4535756136,0.8937354454,0.7506602646,0.4954052294,0.5378110952
GLOVE + W2V + FT + jointcHYB + LEXVEC,0.036,0.032,0.007,-0.003,0.682,0.617,0.5091456194,0.7350021155,0.7779725784,0.8430676294,0.8478478185,0.8447444186,0.7997261213,0.7525121856,0.8454087574,0.7776500763,0.7491835698,0.8744741112,0.4565359408,0.8659174845,0.6581151698,0.4238250343,0.5520627577
GLOVE + W2V + FT + UKB + LEXVEC,0.041,0.038,0.017,0.010,0.692,0.630,0.5258409515,0.7548147214,0.7910833385,0.8503358311,0.8566132512,0.8525386526,0.8084506046,0.7679348407,0.8506527979,0.7886741694,0.7608281174,0.8804624623,0.4493261766,0.8663625719,0.6776691851,0.4394604958,0.5670605763
GLOVE + W2V + jointcHYB + UKB + LEXVEC,0.053,0.047,0.046,0.025,0.700,0.635,0.5462853829,0.7475118134,0.7878037665,0.8463395895,0.8539127965,0.8490335325,0.813895444,0.7697162093,0.8569189636,0.8045401513,0.7505801655,0.8886581984,0.4523609142,0.8846111542,0.7255748812,0.4778076497,0.5260936895
GLOVE + FT + jointcHYB + UKB + LEXVEC,0.037,0.040,0.035,0.028,0.710,0.648,0.558644022,0.7571253248,0.8005600706,0.857835127,0.8659520208,0.8606978595,0.8230284676,0.7775867014,0.8655435488,0.8109234027,0.7658009581,0.8898383844,0.4537666674,0.8830533484,0.7563667106,0.4916294494,0.5389821149
W2V + FT + jointcHYB + UKB + LEXVEC,0.039,0.028,0.033,0.027,0.708,0.647,0.5585708774,0.7464178113,0.791743052,0.8482652252,0.8567621417,0.851121358,0.8088666473,0.7618892109,0.8586110292,0.7942800379,0.7474321998,0.8978811334,0.4685843918,0.8863915037,0.7326299743,0.4996821294,0.5422662206
GLOVE + W2V + FT + jointcHYB + UKB + LEXVEC,0.043,0.038,0.028,0.019,0.703,0.639,0.5436365327,0.7508156489,0.7935037851,0.8514378466,0.8586858891,0.8540335463,0.8135061371,0.7695939769,0.8586268094,0.7974482081,0.7572473722,0.8939471801,0.4562765099,0.8830533484,0.7206726995,0.4717413715,0.5477925357
Normalize: False. Generate words: True,,,,,0.690,,,,,,,,,,,,,,,,,,
GLOVE + W2V,0.041,0.048,0.016,0.006,0.645,0.577,0.4533945392,0.7085587403,0.731527182,0.8252227793,0.8251690803,0.8253595807,0.7677359851,0.720710763,0.8164736469,0.7559671262,0.7100661402,0.8407732444,0.442761973,0.8498943391,0.5824541519,0.356310265,0.5392567555
GLOVE + FT,0.041,0.044,-0.007,-0.015,0.668,0.605,0.4793199838,0.7376789939,0.7685596025,0.8505902929,0.8543563231,0.8518797297,0.7977660828,0.7467837601,0.844889446,0.7754184514,0.7540199011,0.8458436732,0.4413079536,0.8374318927,0.6371824158,0.3816838039,0.5711759634
GLOVE + jointcHYB,0.046,0.050,0.033,0.017,0.687,0.623,0.5340416062,0.7268318745,0.7743342696,0.8407127867,0.8478950059,0.843166787,0.8084053174,0.7513228568,0.8549457239,0.8126222523,0.7405639793,0.8841778627,0.4063431114,0.8643596787,0.7641166442,0.4840246514,0.4714830807
GLOVE + UKB,0.054,0.064,0.075,0.035,0.705,0.645,0.5512423962,0.7544806827,0.7908388784,0.8530346268,0.8628909325,0.8565832351,0.8169146862,0.7672996821,0.860058502,0.8265648818,0.7462036157,0.89357564,0.4158978086,0.8694781835,0.7781529694,0.4945391128,0.536161899
GLOVE + LEXVEC,0.046,0.054,0.012,0.005,0.642,0.578,0.4651578693,0.7298638594,0.7523636682,0.8322979543,0.8318433229,0.8322092796,0.777290235,0.7318504096,0.8224156017,0.7614992775,0.7377640375,0.7773054643,0.4124668859,0.8227440093,0.6138943167,0.3450378318,0.5353573209
W2V + FT,0.016,0.010,-0.014,-0.019,0.661,0.601,0.4761842236,0.721027064,0.7439518488,0.8250576362,0.8277371018,0.8261385805,0.7543741945,0.7029536939,0.8167046114,0.722762491,0.7088923098,0.8560500965,0.4707362601,0.8639145914,0.5875259405,0.3976090065,0.5784714327
W2V + jointcHYB,0.021,0.020,0.027,0.014,0.681,0.620,0.5404644891,0.6934521201,0.7442799251,0.8185860142,0.8224797232,0.8199489033,0.775325013,0.7158735842,0.8335772094,0.7734448372,0.690384792,0.8930074023,0.4448977525,0.8757094068,0.7279685247,0.5031622375,0.472975024
W2V + UKB,0.035,0.025,0.067,0.033,0.697,0.643,0.5593617459,0.7358199192,0.759764015,0.8282385904,0.8351474545,0.830727418,0.7751644614,0.7246735676,0.8361816562,0.7790121717,0.6917903883,0.8847461004,0.4428472565,0.8806053679,0.7422209617,0.5166031388,0.5394006369
W2V + LEXVEC,0.017,0.019,0.007,0.005,0.637,0.578,0.4670832604,0.7128596152,0.7367113116,0.8120393233,0.8149512399,0.8130260727,0.7349785572,0.6803935661,0.7983314617,0.710624261,0.6995549202,0.8087989461,0.4563851089,0.8191833104,0.5442734872,0.36384563,0.5498890921
FT + jointcHYB,0.030,0.028,0.032,0.032,0.707,0.652,0.5730299332,0.717857504,0.7802649758,0.8479102926,0.8516199887,0.8493489062,0.809869924,0.7518290339,0.8615733992,0.7994871627,0.746661147,0.9122182077,0.4205635416,0.8888394843,0.7750617499,0.5383444936,0.5078376516
FT + UKB,0.021,0.031,0.053,0.059,0.728,0.679,0.5916682593,0.7511481646,0.7960602668,0.8560878261,0.8655974432,0.8595597806,0.817395386,0.7749650788,0.8646333194,0.8108295806,0.7618346864,0.9048966835,0.4676150456,0.8886169406,0.7919731828,0.5560304425,0.5839657563
FT + LEXVEC,0.006,0.003,-0.009,-0.013,0.666,0.607,0.4965876294,0.7413714412,0.7740069002,0.8407458581,0.8424089827,0.8411979552,0.7758400875,0.7217099941,0.8358502725,0.7412337107,0.7498188633,0.8206445167,0.4697025589,0.8443307469,0.5960172196,0.3900492958,0.5778187479
jointcHYB + UKB,0.034,0.035,0.006,0.007,0.660,0.617,0.5563953121,0.6508456893,0.708042494,0.7911865439,0.8023112797,0.7950994022,0.7587759261,0.6918474175,0.8310229722,0.7826276721,0.6602012244,0.8763536666,0.2635978258,0.8935129017,0.8045787931,0.5688802883,0.3843082983
jointcHYB + LEXVEC,0.033,0.023,0.040,0.025,0.694,0.631,0.555817155,0.7168561494,0.771316491,0.8321566669,0.8418616042,0.8354471357,0.7999675624,0.7370617845,0.8542937156,0.7950289391,0.7336552561,0.8731190828,0.4483769413,0.8948481638,0.7435969647,0.5020915947,0.4886150839
UKB + LEXVEC,0.031,0.023,0.078,0.040,0.708,0.650,0.567419542,0.7678592365,0.7897021319,0.8420346067,0.8505313897,0.8450192369,0.8073188321,0.7586800478,0.8576427,0.7946854833,0.754208914,0.8694911036,0.4349448591,0.8883943969,0.7616792313,0.5109269316,0.543965968
GLOVE + W2V + FT,0.037,0.034,-0.010,-0.021,0.665,0.599,0.4726454703,0.7256487786,0.7551333865,0.8387410978,0.8417956547,0.8399093089,0.7832018605,0.7342766853,0.8304355191,0.7591218933,0.7353961253,0.8646829385,0.4535273474,0.8656949409,0.6078623352,0.3815311344,0.5679573567
GLOVE + W2V + jointcHYB,0.038,0.040,0.027,0.009,0.681,0.615,0.5156680183,0.7181001643,0.7651926963,0.8357206256,0.840027412,0.8373054366,0.7999024961,0.7511095125,0.8446333768,0.7962100919,0.7308493139,0.8876091442,0.4364210005,0.8701458146,0.6998904031,0.4488089392,0.5139270244
GLOVE + W2V + UKB,0.044,0.047,0.067,0.022,0.697,0.632,0.5336372712,0.7520723552,0.7814939528,0.8458428105,0.851706663,0.8480646771,0.806484837,0.7680259526,0.8455722974,0.8001690481,0.7440374673,0.8886144878,0.4498953156,0.878379931,0.7140853927,0.4584083649,0.5519607411
GLOVE + W2V + LEXVEC,0.044,0.049,0.019,0.010,0.649,0.583,0.4652714678,0.7218971891,0.7476571868,0.8289119338,0.8302192593,0.8294843255,0.7732026497,0.7273015643,0.8214092566,0.7544559208,0.7284558999,0.823988377,0.4401736978,0.8530099507,0.5812805828,0.3574940673,0.545731758
GLOVE + FT + jointcHYB,0.039,0.038,0.023,0.016,0.698,0.636,0.5361000945,0.7384742395,0.7892305451,0.8547373273,0.8600187798,0.8566488746,0.8164604494,0.7661628457,0.8611344233,0.8033137628,0.7598027972,0.8944279966,0.4282660232,0.8652498535,0.746058998,0.4710967809,0.5377170661
GLOVE + FT + UKB,0.048,0.049,0.041,0.034,0.716,0.654,0.5540800898,0.7675614953,0.8048258614,0.8636827497,0.8721576006,0.8666398925,0.8283400369,0.786823122,0.8674206729,0.8185246656,0.7766887039,0.9048311176,0.4511844255,0.8768221252,0.7615916923,0.4831575401,0.5768398668
GLOVE + FT + LEXVEC,0.033,0.034,-0.010,-0.020,0.665,0.600,0.4827503142,0.7405081695,0.7700423216,0.8456104789,0.8474883072,0.8462178878,0.7920703902,0.7451276235,0.8383234569,0.7645870287,0.7565348234,0.8226114933,0.4484292297,0.8465561838,0.6216825486,0.3737984717,0.56557285
GLOVE + jointcHYB + UKB,0.050,0.056,0.053,0.039,0.707,0.649,0.5647548339,0.7420090591,0.7785518832,0.8455915267,0.8571777112,0.8496565725,0.8150701848,0.7633305034,0.8642567469,0.8232023659,0.7429011394,0.8956081826,0.4238416212,0.8868365911,0.7967632053,0.5347614093,0.4928111425
GLOVE + jointcHYB + LEXVEC,0.048,0.046,0.031,0.046,0.685,0.619,0.5234281991,0.7373670383,0.7809859974,0.8432544352,0.8490017008,0.8451132639,0.8081398685,0.7575499604,0.8517251328,0.7993464296,0.7518462522,0.8639180031,0.4370947163,0.867030203,0.7134206437,0.443023495,0.5183619079
GLOVE + UKB + LEXVEC,0.047,0.053,0.066,0.022,0.696,0.632,0.5361442015,0.7680285403,0.7961346666,0.8517949233,0.8587628222,0.8542673057,0.8166847033,0.7763951229,0.854639445,0.8074988972,0.7629035096,0.8664750728,0.4195419069,0.8710359893,0.7280970975,0.4501227973,0.5490420554
W2V + FT + jointcHYB,0.028,0.023,0.018,0.014,0.693,0.634,0.5370083108,0.716695222,0.7722929174,0.838357509,0.8433802315,0.8400714232,0.7926363446,0.7416844941,0.844940373,0.7731885019,0.7258404708,0.8979904099,0.4530446854,0.8757094068,0.7111528375,0.4837330309,0.539703815
W2V + FT + UKB,0.036,0.027,0.034,0.032,0.709,0.652,0.5553851245,0.7544187485,0.7867158111,0.846706945,0.8546752131,0.8494718506,0.8000406768,0.7570902766,0.8506987038,0.7843198202,0.7359046602,0.8949962343,0.4759932541,0.8859464163,0.7210365333,0.4983171443,0.5771380234
W2V + FT + LEXVEC,0.015,0.011,-0.017,-0.022,0.658,0.598,0.480427202,0.7285886236,0.7585907559,0.8296697158,0.8336818906,0.8310218433,0.762265092,0.7125571866,0.8192911262,0.7287419725,0.727391577,0.8391778078,0.4652439683,0.848559077,0.5693944333,0.3857659921,0.5702576775
W2V + jointcHYB + UKB,0.044,0.037,0.044,0.036,0.698,0.646,0.5703709785,0.7199340773,0.7577275722,0.8306036751,0.8391149104,0.833587696,0.7906967673,0.7371543961,0.8477650251,0.7985623452,0.701639313,0.8925047305,0.4119017691,0.8821631737,0.7799639317,0.5478006005,0.4935989514
W2V + jointcHYB + LEXVEC,0.033,0.024,0.028,0.045,0.682,0.618,0.5269757328,0.7167213664,0.7673210162,0.8271290989,0.8349469591,0.8297502653,0.7853201317,0.7306757037,0.8387889722,0.7708647303,0.721552427,0.8831725191,0.4661871704,0.8763770378,0.6760442431,0.4580160586,0.5188666708
W2V + UKB + LEXVEC,0.039,0.027,0.062,0.060,0.692,0.633,0.5416915406,0.7597973804,0.7823228365,0.8369183487,0.8450080043,0.8395985424,0.791052245,0.7459341324,0.8418790182,0.7733342612,0.7357636505,0.866125388,0.4612418956,0.8605764361,0.691754751,0.4686395105,0.5516956183
FT + jointcHYB + UKB,0.039,0.044,0.042,0.047,0.717,0.667,0.5887823122,0.7346904138,0.7775269392,0.847626236,0.8566780903,0.8507965469,0.812067175,0.7621546727,0.8663856366,0.8134113629,0.7424481084,0.9024926009,0.4310192079,0.8903972901,0.8057769827,0.5686816537,0.5253571615
FT + jointcHYB + LEXVEC,0.027,0.020,0.027,0.020,0.702,0.640,0.5510394463,0.7348815468,0.7914069113,0.8485781264,0.8542966937,0.8504840652,0.8082710924,0.7538196224,0.8585665578,0.7843985637,0.7551607292,0.8907781621,0.4616360696,0.8852787853,0.7202760385,0.4811145883,0.5421946364
FT + UKB + LEXVEC,0.027,0.021,0.041,0.037,0.716,0.657,0.5635443804,0.7755966994,0.8057307813,0.8564931744,0.8641781183,0.8590996886,0.8154353475,0.7730629775,0.8620374799,0.7933183617,0.7721148906,0.8910185704,0.4794563541,0.8792701057,0.7332208623,0.493239161,0.5813007118
jointcHYB + UKB + LEXVEC,0.043,0.037,0.050,0.038,0.704,0.648,0.5763878893,0.7352305614,0.7721409235,0.8377931183,0.8500897657,0.8420773683,0.8065724106,0.7535732828,0.8620181133,0.8045099942,0.7355123833,0.8881555266,0.4016552564,0.9033048239,0.7917625422,0.5465947832,0.4792354238
GLOVE + W2V + FT + jointcHYB,0.034,0.033,0.014,0.004,0.689,0.624,0.5169539032,0.7276321967,0.7768802649,0.8448038731,0.8499566182,0.8466646971,0.8046299687,0.75751809,0.8495582273,0.7863453716,0.7438657055,0.8946246943,0.4470496207,0.8772672126,0.6926246694,0.4458535,0.5462274724
GLOVE + W2V + FT + UKB,0.040,0.039,0.026,0.018,0.701,0.638,0.53197054,0.7578154853,0.7899261166,0.8525286898,0.859494947,0.855026876,0.8117043313,0.7727446484,0.8528993216,0.7927889372,0.760515346,0.8928544153,0.4647673396,0.8730388825,0.7016794806,0.4558210169,0.5727630053
GLOVE + W2V + FT + LEXVEC,0.033,0.033,-0.015,-0.023,0.660,0.597,0.4760959554,0.7296481049,0.7609373264,0.8381364261,0.8408565224,0.839133941,0.7828191013,0.736460371,0.8284199599,0.7552852408,0.7408107462,0.8415163245,0.4515182667,0.8398798732,0.5957737519,0.3756767746,0.56458787
GLOVE + W2V + jointcHYB + UKB,0.046,0.048,0.051,0.033,0.705,0.643,0.5542627843,0.7409696303,0.7809281455,0.8457456104,0.8540398219,0.8486337037,0.8135027269,0.7689475699,0.8577366638,0.8124831946,0.7415390461,0.8983182393,0.4456659895,0.8866140474,0.7543615213,0.5044332735,0.5233722454
GLOVE + W2V + jointcHYB + LEXVEC,0.043,0.043,0.024,0.038,0.678,0.611,0.5092213878,0.7275829539,0.7717793457,0.8365064283,0.8416040002,0.8382646027,0.7991770813,0.7529966158,0.8421393912,0.7855864181,0.7406922381,0.8737528864,0.4493523208,0.8632469603,0.6701080074,0.4252000258,0.530258624
GLOVE + W2V + UKB + LEXVEC,0.049,0.047,0.059,0.013,0.689,0.623,0.5217868163,0.7570433381,0.7846906285,0.8442882733,0.8507140653,0.8465697066,0.8053885304,0.766835124,0.8449726506,0.7903445373,0.7539861488,0.8689010106,0.4466252803,0.8732614262,0.6859580304,0.4326492996,0.5529969277
GLOVE + FT + jointcHYB + UKB,0.041,0.047,0.043,0.039,0.718,0.659,0.5686990597,0.7546022667,0.7971335058,0.8593485456,0.8682913197,0.8625846287,0.8254004566,0.7777831731,0.8698457995,0.8221820509,0.7626837446,0.9078690037,0.4499777704,0.8846111542,0.7869096011,0.5217435104,0.5414383471
GLOVE + FT + jointcHYB + LEXVEC,0.034,0.034,0.016,0.006,0.691,0.626,0.5254424841,0.7428827378,0.7887139623,0.8510847094,0.8561218229,0.8527353367,0.8118365101,0.7627054684,0.8570244039,0.7913950093,0.7608498689,0.8751297701,0.4438841622,0.8607989798,0.7072081131,0.4414214674,0.5468165689
GLOVE + FT + UKB + LEXVEC,0.039,0.038,0.027,0.018,0.702,0.638,0.5373292705,0.7704444827,0.8007275388,0.8580134129,0.8649452225,0.860409687,0.8190453704,0.7792330894,0.8589825807,0.7993447542,0.774530056,0.8809214235,0.4554941952,0.8710359893,0.7110297358,0.4493842174,0.5706333294
GLOVE + jointcHYB + UKB + LEXVEC,0.054,0.053,0.055,0.036,0.709,0.646,0.5584700916,0.7575966849,0.7917513259,0.850691587,0.8602282781,0.8539846763,0.8212112477,0.7740734571,0.8634519578,0.8172463399,0.7565318231,0.8860355629,0.4475222273,0.885501329,0.7680039212,0.5000144563,0.5243584834
W2V + FT + jointcHYB + UKB,0.042,0.036,0.059,0.048,0.713,0.658,0.5704682317,0.739477117,0.7835084985,0.8475389316,0.8559751711,0.8504429459,0.8071445034,0.7617519806,0.8575207622,0.801996903,0.7324799256,0.9052245129,0.4551040434,0.8941805327,0.7669671316,0.5326282199,0.5421490403
W2V + FT + jointcHYB + LEXVEC,0.027,0.019,0.034,0.052,0.688,0.625,0.5257691911,0.7271882502,0.7787754621,0.8381737138,0.8447771871,0.8403611773,0.7939255313,0.743936045,0.8441248246,0.7686599117,0.7385208394,0.8902973456,0.4645219864,0.8799377368,0.6723265729,0.4515909433,0.5483095232
W2V + FT + UKB + LEXVEC,0.035,0.021,0.022,0.018,0.697,0.638,0.5377677705,0.7630996929,0.7915300119,0.8455245317,0.853709108,0.8482995458,0.7999022233,0.7579155328,0.8477578523,0.7741518535,0.7498646164,0.8835877697,0.4676190678,0.8685880088,0.6762767685,0.46197787,0.5722840348
W2V + jointcHYB + UKB + LEXVEC,0.050,0.036,0.051,0.035,0.705,0.645,0.5624788756,0.74800018,0.7794133781,0.8392156244,0.8488434112,0.8425313072,0.8040839297,0.7542594341,0.8546824818,0.7947424467,0.7360546704,0.8870190512,0.4578532059,0.8859464163,0.7450358864,0.5132541259,0.5249012835
FT + jointcHYB + UKB + LEXVEC,0.036,0.034,0.065,0.052,0.719,0.662,0.5774812959,0.7572507162,0.795155635,0.853934742,0.8630737941,0.8571119646,0.8183101343,0.7699108063,0.8663490553,0.802851354,0.7592627602,0.8952584978,0.4616642249,0.8972961444,0.7756061328,0.5306759817,0.5480189355
GLOVE + W2V + FT + jointcHYB + UKB,0.043,0.041,0.035,0.028,0.710,0.648,0.5530407141,0.7474623168,0.7907588885,0.8528807775,0.860494717,0.8556423393,0.8164457174,0.7729797395,0.8603748228,0.8086683223,0.7515034787,0.9017713761,0.460045296,0.8946256201,0.7499599529,0.4942763323,0.5502498057
GLOVE + W2V + FT + jointcHYB + LEXVEC,0.037,0.033,0.008,-0.002,0.683,0.618,0.5110465226,0.7337063196,0.7785653938,0.8432493673,0.8480605939,0.8449462141,0.8017651397,0.7555582471,0.8466281349,0.7798565703,0.7500393784,0.876528509,0.4552347644,0.8654723972,0.6652140324,0.4272773939,0.5490889077
GLOVE + W2V + FT + UKB + LEXVEC,0.041,0.036,0.017,0.008,0.692,0.628,0.5225678933,0.759253933,0.7894130163,0.8497809218,0.8561687882,0.8520166958,0.8088337731,0.7696190983,0.8494456142,0.7873422311,0.7628705074,0.8784954857,0.464425454,0.8663625719,0.6736396573,0.4347478553,0.5673573664
GLOVE + W2V + jointcHYB + UKB + LEXVEC,0.054,0.048,0.047,0.027,0.701,0.637,0.545047914,0.7506529446,0.7868629756,0.8459610729,0.8537724767,0.8487438004,0.8147301211,0.7726940307,0.8554291712,0.8052521937,0.7516077358,0.8871283277,0.4584766444,0.8846111542,0.7251262441,0.4768067046,0.535774753
GLOVE + FT + jointcHYB + UKB + LEXVEC,0.038,0.041,0.037,0.029,0.712,0.649,0.5574160737,0.7601768545,0.799480456,0.857464086,0.8655894666,0.8603349899,0.8224292297,0.7770696508,0.8641907571,0.8087018301,0.7659989717,0.8906033198,0.4622876634,0.8830533484,0.7558141209,0.4907127698,0.5496341494
W2V + FT + jointcHYB + UKB + LEXVEC,0.040,0.030,0.033,0.029,0.708,0.649,0.5588468274,0.7517713142,0.7910247403,0.8477237996,0.8563991673,0.8506988552,0.8088701939,0.7630496688,0.8572919496,0.7927504031,0.7469416662,0.8979029887,0.4647251066,0.8812729989,0.7343014214,0.5006460991,0.5507441484
GLOVE + W2V + FT + jointcHYB + UKB + LEXVEC,0.044,0.038,0.029,0.020,0.704,0.640,0.5427717795,0.7522556196,0.7925672489,0.850956391,0.8584620821,0.8536515361,0.8143686414,0.7720048798,0.8575544744,0.7975152239,0.7594742747,0.8953896296,0.4647753839,0.8830533484,0.7211268078,0.4711904166,0.5528023662
Normalize: True. Generate words: True,,,,,,,,,,,,,,,,,,,,,,,
GLOVE + W2V,0.041,0.048,0.017,0.007,0.646,0.578,0.4542629153,0.7086930157,0.7311099516,0.8246516846,0.8245452608,0.8246902901,0.7658602465,0.7180325235,0.8147098532,0.7536684855,0.7073277026,0.8423686811,0.4462109954,0.8498943391,0.5812887895,0.3572925808,0.5397528081
GLOVE + FT,0.043,0.045,-0.005,-0.013,0.670,0.607,0.4817765543,0.7386059766,0.7695970883,0.8512428532,0.8550812755,0.8525093703,0.7979331819,0.7466888988,0.8454044537,0.7742021153,0.7552994887,0.8496464947,0.4436428312,0.8401024169,0.6376830293,0.3839617543,0.5723168623
GLOVE + jointcHYB,0.044,0.050,0.031,0.018,0.685,0.624,0.5326563798,0.7268201984,0.7749190597,0.8410326958,0.8483288059,0.8435639847,0.8084103644,0.751543325,0.8539035148,0.8109368058,0.7415345458,0.8788014598,0.4059328487,0.8458885527,0.7597068691,0.4801773149,0.4820123554
GLOVE + UKB,0.056,0.068,0.077,0.040,0.707,0.650,0.5577171916,0.7532564665,0.7891579651,0.8528332568,0.8622567657,0.8562334182,0.8138856226,0.7621584221,0.8603576081,0.8254792264,0.7459253466,0.8963512627,0.3961569314,0.8834984358,0.7857524454,0.5056192863,0.5392358718
GLOVE + LEXVEC,0.045,0.055,0.012,0.005,0.642,0.578,0.4658910418,0.7293569633,0.7528486871,0.8321431636,0.8315758637,0.8320216429,0.7773784906,0.7324064545,0.8223438736,0.7597769723,0.7385605921,0.774923237,0.4114995508,0.8227440093,0.6109945887,0.3456815153,0.5355209046
W2V + FT,0.016,0.010,-0.013,-0.019,0.662,0.601,0.4764382193,0.7209943201,0.7442953209,0.8251216483,0.8279629614,0.8262857292,0.7556280517,0.7041887661,0.8179261407,0.7248600844,0.7094045949,0.8563342153,0.4721319578,0.8616891545,0.5878159133,0.3980537881,0.5785707868
W2V + jointcHYB,0.020,0.018,0.026,0.012,0.680,0.618,0.5362645584,0.693612286,0.7440277672,0.8181238206,0.8219158573,0.8195128969,0.7732919965,0.7148256101,0.8322028992,0.7685878698,0.6889844461,0.896154565,0.4498068276,0.8757094068,0.7185553508,0.4954090786,0.4795472605
W2V + UKB,0.035,0.026,0.067,0.035,0.697,0.645,0.5608144056,0.7332956917,0.7597886796,0.8283078181,0.8356756208,0.8310220151,0.7753531129,0.7247725533,0.8367016849,0.7796873555,0.6951153661,0.8879806842,0.4252398959,0.8850562416,0.7442699205,0.5208380429,0.5407450967
W2V + LEXVEC,0.017,0.019,0.007,0.005,0.637,0.578,0.4666283669,0.7129712999,0.7364118405,0.8118992992,0.8146622457,0.8128411399,0.7351028244,0.6817666185,0.7983228544,0.7089371391,0.7000537043,0.810263251,0.4543438507,0.8236341841,0.5436278873,0.3638552022,0.5497938664
FT + jointcHYB,0.031,0.029,0.032,0.034,0.707,0.654,0.5708389373,0.7203371574,0.7837977661,0.8497729552,0.8535746642,0.8512661537,0.8099617262,0.7532058357,0.8615949176,0.7961665317,0.7479174831,0.9100545334,0.4224419013,0.8886169406,0.7696890462,0.5323421904,0.5226891332
FT + UKB,0.019,0.030,0.051,0.058,0.726,0.678,0.5911771185,0.7477590426,0.7943231118,0.8548045811,0.864312178,0.8582987655,0.8137303909,0.7696303466,0.8639253632,0.8043625595,0.7582396901,0.9025581668,0.4501165357,0.8901747464,0.7943640907,0.5569851749,0.5860491909
FT + LEXVEC,0.007,0.003,-0.008,-0.013,0.667,0.607,0.4967955442,0.7415146007,0.7742619645,0.8410675302,0.8426563594,0.8414610515,0.7765002995,0.7224673851,0.8363143532,0.7421836592,0.7500236273,0.8228519016,0.4700947218,0.8501168828,0.5972072024,0.3904922232,0.5775381085
jointcHYB + UKB,0.030,0.034,0.003,0.006,0.657,0.616,0.5553279461,0.6531189799,0.7091295971,0.7911696504,0.8024338456,0.7952448156,0.7547872362,0.6879453541,0.8285956937,0.7807629585,0.6545203353,0.8735561887,0.2364822749,0.8908423774,0.8015969973,0.5687731747,0.3837320501
jointcHYB + LEXVEC,0.032,0.022,0.038,0.024,0.692,0.630,0.5529228247,0.7188768804,0.7735143406,0.8326931027,0.8419085215,0.8357980456,0.8002750248,0.7386894252,0.8533612505,0.7942817133,0.7360224182,0.8713269485,0.4501829018,0.8837209795,0.735814204,0.4941898825,0.498176277
UKB + LEXVEC,0.030,0.025,0.078,0.042,0.708,0.652,0.569077944,0.7627415405,0.7882811267,0.8417463908,0.8501396359,0.8447684725,0.8041039816,0.7522770944,0.8590134237,0.7954528138,0.7516482386,0.8683109176,0.4365919433,0.8834984358,0.7645598102,0.5157654355,0.5457739315
GLOVE + W2V + FT,0.037,0.035,-0.009,-0.020,0.666,0.600,0.4732739391,0.7255594308,0.7550270432,0.8385881804,0.8416634136,0.8397655101,0.7831078758,0.7346392581,0.8311700148,0.7584483848,0.7349153424,0.8655790056,0.4569502257,0.8656949409,0.607085427,0.382926904,0.5686099361
GLOVE + W2V + jointcHYB,0.037,0.039,0.026,0.008,0.680,0.614,0.5130641898,0.7173701527,0.7641647544,0.8352012003,0.8393261313,0.8367691542,0.7987636304,0.7510315237,0.8434642089,0.7938243307,0.7307420565,0.8882429478,0.4397191911,0.8730388825,0.6888714364,0.4438377965,0.5205775977
GLOVE + W2V + UKB,0.047,0.051,0.070,0.026,0.700,0.636,0.538822992,0.7540809024,0.7824742019,0.846092828,0.8519192583,0.8483129848,0.8065698189,0.7673675473,0.8464911342,0.8001774251,0.7451400428,0.8936193506,0.450231168,0.8779348436,0.7216274212,0.4664190774,0.5559328094
GLOVE + W2V + LEXVEC,0.044,0.049,0.019,0.010,0.649,0.583,0.4657732968,0.7219786682,0.7475737146,0.8284531905,0.8295862148,0.8289756516,0.7735193877,0.728484894,0.8218783583,0.7540169675,0.7289749355,0.8254526818,0.4409278572,0.8496717954,0.5821915351,0.3581969024,0.5454758297
GLOVE + FT + jointcHYB,0.040,0.039,0.024,0.017,0.699,0.637,0.5350933492,0.7396106309,0.7896590866,0.8553507458,0.8606508725,0.8573018508,0.8159785219,0.7656859144,0.8605233,0.8024107254,0.7601170687,0.8937067718,0.4333359857,0.8688105525,0.7402075656,0.4672651933,0.5476648857
GLOVE + FT + UKB,0.050,0.053,0.044,0.038,0.719,0.658,0.5595580758,0.7684554803,0.8056419546,0.8638831346,0.8722898418,0.8668168598,0.8287002889,0.7864721725,0.8690316857,0.8180806862,0.7757736412,0.9044814328,0.457286078,0.8770446689,0.7644257662,0.4908275695,0.580397678
GLOVE + FT + LEXVEC,0.033,0.035,-0.010,-0.019,0.665,0.601,0.4842521181,0.740565281,0.7703174554,0.8458863506,0.8475981671,0.8464394544,0.7926308883,0.7457406602,0.8392085815,0.7645853533,0.7579591709,0.8210597673,0.4513674348,0.8465561838,0.618900451,0.3751518077,0.5660365505
GLOVE + jointcHYB + UKB,0.052,0.060,0.055,0.042,0.709,0.652,0.5666102339,0.7441257374,0.7782479609,0.8456068313,0.8572287699,0.849713391,0.8129410011,0.7600118561,0.8650658398,0.8221652969,0.7421615888,0.8949962343,0.4257219921,0.8857238726,0.7979860152,0.5380317192,0.5071206741
GLOVE + jointcHYB + LEXVEC,0.047,0.045,0.031,0.045,0.685,0.618,0.5215981595,0.7374759309,0.7807521416,0.8430637935,0.8486307618,0.8448571617,0.8076350246,0.7572413799,0.8507611073,0.7978469519,0.753041084,0.8633279101,0.441032434,0.8679203777,0.7091968888,0.4376819374,0.5243118402
GLOVE + UKB + LEXVEC,0.049,0.057,0.068,0.026,0.698,0.636,0.5421031516,0.7701744089,0.7971011171,0.8522625966,0.8595050303,0.8548226355,0.8161902263,0.7745410148,0.8558057437,0.806600886,0.7640270866,0.8679393776,0.423660623,0.867030203,0.7322442558,0.4583439669,0.5513572956
W2V + FT + jointcHYB,0.027,0.022,0.017,0.013,0.692,0.633,0.5330167283,0.7176887079,0.7720890545,0.8382239278,0.8433225347,0.8399867979,0.7918357694,0.7415311412,0.8446204657,0.7716974012,0.7266895289,0.8960234332,0.4563046652,0.8792701057,0.7008478605,0.4769369458,0.5482683383
W2V + FT + UKB,0.036,0.029,0.034,0.034,0.709,0.654,0.5574798059,0.7576314594,0.7873929511,0.8469068063,0.8549554265,0.8497132691,0.8009421936,0.758227113,0.8520228043,0.7845158413,0.7392093865,0.895192932,0.4603710929,0.8859464163,0.7248143865,0.5018514045,0.5798409367
W2V + FT + LEXVEC,0.016,0.012,-0.016,-0.022,0.659,0.598,0.4803304483,0.7287053848,0.7587096279,0.8296856205,0.8337859945,0.8310649266,0.7631333254,0.7137825102,0.8197674007,0.7293183081,0.7278431079,0.8397460455,0.4683893159,0.848559077,0.5697801518,0.386162889,0.5701712924
W2V + jointcHYB + UKB,0.045,0.039,0.045,0.039,0.699,0.649,0.5696011013,0.7235803278,0.7584292444,0.8308712313,0.8393717757,0.833874227,0.7912814095,0.7402769467,0.8491830894,0.7978905122,0.7063616364,0.8924610199,0.4131446239,0.8739290573,0.7796383962,0.5476419936,0.5054561434
W2V + jointcHYB + LEXVEC,0.030,0.022,0.026,0.042,0.680,0.615,0.5229616785,0.7145615372,0.7669450245,0.826507821,0.8338105305,0.828983215,0.783987431,0.7301331567,0.8370911684,0.7681723721,0.7204678527,0.8783862092,0.465127325,0.8821631737,0.6670195234,0.4505991258,0.5213758433
W2V + UKB + LEXVEC,0.040,0.029,0.064,0.062,0.694,0.635,0.5443588906,0.7636517705,0.7830973375,0.8372978308,0.8455506293,0.8400783235,0.7929041124,0.7468932443,0.8448865769,0.7749476657,0.7379838026,0.8729660957,0.4526243672,0.8616891545,0.6963423396,0.4737497757,0.5517175047
FT + jointcHYB + UKB,0.041,0.047,0.044,0.051,0.719,0.671,0.5887655336,0.7374150119,0.7786616565,0.8481397974,0.8571466391,0.8513439725,0.810687141,0.7608757317,0.8664458882,0.8104308368,0.7430594003,0.9022959032,0.4391178746,0.8863915037,0.8062338266,0.5681588109,0.5425645677
FT + jointcHYB + LEXVEC,0.025,0.019,0.025,0.019,0.700,0.639,0.5474765362,0.7363001959,0.7922275603,0.848886362,0.8542184581,0.8506888763,0.8076041965,0.7533378167,0.8589137217,0.7834234843,0.7552349843,0.8898383844,0.4636954276,0.8788250184,0.7102008513,0.4741942252,0.550035283
FT + UKB + LEXVEC,0.028,0.023,0.042,0.039,0.717,0.659,0.5658388462,0.7762551312,0.8056334319,0.8565867837,0.864321241,0.8592377726,0.8151705807,0.771551945,0.863143527,0.7925108218,0.7729834501,0.8888111855,0.4742798038,0.8814955426,0.7372613325,0.4970776149,0.5860328675
jointcHYB + UKB + LEXVEC,0.040,0.036,0.047,0.037,0.701,0.647,0.5761335625,0.7366136745,0.7729691264,0.8382567929,0.8501747834,0.8423811768,0.8050762938,0.7516561838,0.8623796229,0.8037946009,0.7350721031,0.8873250253,0.372667379,0.9015244744,0.7899597867,0.5465039353,0.4754756837
GLOVE + W2V + FT + jointcHYB,0.034,0.032,0.013,0.004,0.688,0.624,0.5149940884,0.7284647551,0.7763555261,0.8446988995,0.8497408599,0.846552301,0.8034313565,0.7563771293,0.8491436389,0.7838105004,0.7434884297,0.8933570871,0.4522583485,0.8772672126,0.6856899423,0.441977751,0.5522074151
GLOVE + W2V + FT + UKB,0.043,0.042,0.028,0.021,0.703,0.641,0.5363611556,0.7596227462,0.7913957834,0.8529150823,0.8596648684,0.8553897032,0.8123425817,0.7735545318,0.8549744151,0.7933351157,0.7600315629,0.8934445083,0.4729203058,0.8730388825,0.7058512592,0.4616718014,0.5763099059
GLOVE + W2V + FT + LEXVEC,0.034,0.034,-0.014,-0.023,0.661,0.597,0.4765516854,0.7304111143,0.7611544381,0.8380004743,0.8407320178,0.8389935835,0.7827357563,0.7367044609,0.8283883995,0.7550892197,0.7406569857,0.8428494976,0.4544544608,0.8425503975,0.5947779962,0.3766180956,0.5646408945
GLOVE + W2V + jointcHYB + UKB,0.049,0.051,0.054,0.036,0.708,0.646,0.5560888201,0.7452778662,0.7812793272,0.845789949,0.8540945297,0.8487189158,0.8124818537,0.7685242558,0.8575229141,0.8098679044,0.7410882652,0.9014872573,0.4554660399,0.8924001832,0.7532727555,0.5062760588,0.5331803158
GLOVE + W2V + jointcHYB + LEXVEC,0.042,0.041,0.023,0.037,0.677,0.610,0.5065646539,0.7280857888,0.7709632788,0.8359006426,0.8406978127,0.8375958564,0.7980090244,0.7521398642,0.8407485836,0.7827047403,0.7415630478,0.870846132,0.4511120262,0.8645822224,0.6662754423,0.420700073,0.5337531478
GLOVE + W2V + UKB + LEXVEC,0.053,0.050,0.062,0.016,0.692,0.626,0.5260236563,0.7604408364,0.785953526,0.844683736,0.8512001038,0.8469641308,0.8057130437,0.767710248,0.846508349,0.7901284114,0.7550182195,0.8747145194,0.4596913438,0.870590902,0.6879686909,0.4385549947,0.5554511877
GLOVE + FT + jointcHYB + UKB,0.044,0.050,0.046,0.042,0.721,0.662,0.570726392,0.7564034357,0.7981249614,0.8597590653,0.8687210355,0.8629911883,0.8259054369,0.7790898601,0.8697891343,0.8207428874,0.7640240864,0.9087869262,0.4558763027,0.8850562416,0.7879409195,0.5235763244,0.5527149441
GLOVE + FT + jointcHYB + LEXVEC,0.034,0.033,0.015,0.006,0.690,0.626,0.5234574954,0.7433782116,0.7888278464,0.8511897543,0.8558700588,0.8527861521,0.811021612,0.7623001517,0.8566872819,0.789692809,0.7613411526,0.8723322921,0.4502030127,0.8607989798,0.701247257,0.4372273211,0.5525329631
GLOVE + FT + UKB + LEXVEC,0.042,0.042,0.031,0.022,0.706,0.642,0.5416905235,0.7729840397,0.8025313694,0.8586006299,0.8653833173,0.860931625,0.8201690949,0.7801344597,0.8611781774,0.7994234977,0.775829145,0.8842871392,0.464208256,0.8710359893,0.7148130603,0.4553847054,0.5734034766
GLOVE + jointcHYB + UKB + LEXVEC,0.056,0.055,0.057,0.038,0.711,0.648,0.5605255587,0.7598240325,0.7919947125,0.8509557406,0.8602972226,0.8542422386,0.8210708844,0.7746036308,0.863335041,0.8159596373,0.7566563317,0.8868004982,0.4565218631,0.885501329,0.7691173073,0.5018710161,0.5330813368
W2V + FT + jointcHYB + UKB,0.043,0.038,0.061,0.050,0.715,0.660,0.57040997,0.7445392245,0.7840427367,0.847805481,0.856125112,0.8507059084,0.8079598107,0.763514227,0.8579145494,0.8013837088,0.7365789564,0.9039569057,0.4594258797,0.8912874648,0.7651014575,0.5317485798,0.552710119
W2V + FT + jointcHYB + LEXVEC,0.025,0.018,0.033,0.050,0.687,0.623,0.5221238384,0.727422788,0.7784477,0.8379418885,0.8442083515,0.8400384787,0.7926868154,0.7431351603,0.8443328361,0.7667248316,0.7386438478,0.8867786429,0.4677678885,0.8812729989,0.6629544329,0.4460172159,0.5526619
W2V + FT + UKB + LEXVEC,0.037,0.023,0.024,0.020,0.699,0.640,0.540116538,0.767040131,0.792625991,0.8460928062,0.8540932513,0.8487932081,0.8013020364,0.7602102025,0.8493824934,0.7743746809,0.7516947418,0.8863196817,0.4673717035,0.8668076593,0.6806181538,0.4659084246,0.5740363215
W2V + jointcHYB + UKB + LEXVEC,0.052,0.037,0.052,0.036,0.706,0.646,0.5622485896,0.7526988046,0.7802021359,0.8393359243,0.84887054,0.84266473,0.8053085957,0.7567427016,0.8569419166,0.7945749073,0.7375832752,0.8866693664,0.4613565279,0.8912874648,0.742762609,0.5126792127,0.5309372749
FT + jointcHYB + UKB + LEXVEC,0.038,0.036,0.068,0.055,0.722,0.665,0.5774509885,0.7607525382,0.7958626617,0.8543571062,0.8633864901,0.8575248365,0.8182894004,0.7703678655,0.8668633456,0.8026469559,0.7601913238,0.8942750095,0.4734633006,0.8972961444,0.7743368179,0.5296714701,0.5600869519
GLOVE + W2V + FT + jointcHYB + UKB,0.045,0.043,0.038,0.030,0.713,0.650,0.5543854986,0.7512644181,0.791588322,0.8530920069,0.8607650692,0.8558622388,0.8170561407,0.7745665111,0.861343152,0.8077719864,0.752675059,0.9031264045,0.4701188549,0.8937354454,0.7506602646,0.4954052294,0.5588003742
GLOVE + W2V + FT + jointcHYB + LEXVEC,0.037,0.032,0.007,-0.003,0.682,0.617,0.5091456194,0.733781199,0.7779725784,0.8429507107,0.8476143964,0.8446076826,0.8006957053,0.7550063266,0.8450092319,0.7792517531,0.7491835698,0.8744741112,0.4606003573,0.8659174845,0.6581151698,0.4238250343,0.5525757894
GLOVE + W2V + FT + UKB + LEXVEC,0.044,0.039,0.020,0.011,0.695,0.631,0.5258409515,0.7627722538,0.7909585883,0.8501846684,0.8564252879,0.8524129161,0.8096635396,0.7715414466,0.8503092203,0.7885568918,0.7635718054,0.8804624623,0.4739942288,0.8663625719,0.6776691851,0.4394604958,0.5700384449
GLOVE + W2V + jointcHYB + UKB + LEXVEC,0.057,0.050,0.050,0.029,0.704,0.639,0.5462853829,0.7548065989,0.7876838733,0.8460878,0.8539203469,0.8488996374,0.8145136425,0.772344206,0.8567209941,0.8038348103,0.7530028314,0.8886581984,0.4692762074,0.8846111542,0.7255748812,0.4778076497,0.5418647251
GLOVE + FT + jointcHYB + UKB + LEXVEC,0.040,0.043,0.039,0.032,0.714,0.652,0.558644022,0.7638548336,0.8004776457,0.857835127,0.8659520208,0.8606978595,0.8235034383,0.7786061797,0.866156824,0.8093987941,0.7678620993,0.8898383844,0.4680393859,0.8830533484,0.7563667106,0.4916294494,0.5572538982
W2V + FT + jointcHYB + UKB + LEXVEC,0.042,0.031,0.035,0.030,0.710,0.650,0.5585708774,0.7562907358,0.7916873864,0.8479747414,0.8567153985,0.8509700361,0.8096028383,0.764805916,0.8582344567,0.7944593051,0.7487740417,0.8978811334,0.4712893103,0.8863915037,0.7326299743,0.4996821294,0.5576623509
GLOVE + W2V + FT + jointcHYB + UKB + LEXVEC,0.046,0.040,0.031,0.021,0.706,0.641,0.5436365327,0.7573994599,0.7934439825,0.8512132948,0.8585793664,0.853880207,0.8146709202,0.7731882095,0.8584331435,0.7970561659,0.7597285421,0.8939471801,0.4755226586,0.8830533484,0.7206726995,0.4717413715,0.5582872665
DewhitenNormalize: False. Generate words: True,,,,,,,,,,,,,,,,,,,,,,,
FT  +  JointcHYB,,,,,0.662,0.599,0.5208696571,0.6975839451,0.7438227915,0.8086998107,0.8098352134,0.809165643,0.7342058091,0.6552646831,0.8201841409,0.7446129806,0.6510160952,0.9054212106,0.3718046206,0.8632469603,0.7117327831,0.4712292131,0.4487051212
FT  +  LEXVEC,,,,,0.638,0.573,0.4393254291,0.7427421167,0.752607513,0.8269562015,0.8229470956,0.8257828232,0.75870022,0.7012540635,0.8313579423,0.7243742201,0.7282166335,0.814175349,0.4214082001,0.834316281,0.5489622928,0.3418827633,0.5406195404
FT  +  UKB,,,,,0.698,0.653,0.5680198398,0.7398266392,0.7841870327,0.8373252508,0.8446807176,0.8399298525,0.7466224326,0.6845918368,0.8286688563,0.7704241017,0.6610165303,0.8853580487,0.3838570938,0.8788250184,0.759747903,0.5174983812,0.5749018947
FT  +  W2V,,,,,0.635,0.570,0.4312798017,0.724702251,0.7137741419,0.8094981137,0.8092280314,0.8094589768,0.7402894444,0.6787569267,0.80746173,0.7272207147,0.6785077284,0.829670754,0.4212835124,0.8685880088,0.5439999279,0.353911752,0.548617683
FT  +  GLOVE,,,,,0.641,0.578,0.4430062888,0.7315706042,0.7480646246,0.8328619931,0.8317572969,0.8328281948,0.7677297104,0.7051936215,0.8320228617,0.7450318291,0.7270585542,0.8176284858,0.3982444447,0.8167353298,0.6027604552,0.3446114979,0.5479908237
Concatenate. Normalize: False. Generate True,,,,,,,,,,,,,,,,,,,,,,,
UKB + LEXVEC,,,,,0.644,0.579,0.4530002905,0.7226020717,0.7360872728,0.8255051201,0.8238839171,0.8250639665,0.7593124166,0.7050796379,0.8222771665,0.7477359151,0.6985753531,0.8180218811,0.4554177737,0.8225214657,0.5971825821,0.3615711693,0.5369486428
GLOVE + FT,,,,,0.668,0.605,0.4778376245,0.7397789194,0.7711366905,0.8505767243,0.8542753507,0.851894368,0.7965478279,0.7451313729,0.8473913217,0.7696014832,0.7556692641,0.8455158437,0.449706273,0.8376544363,0.631273536,0.3817877999,0.5685406174
GLOVE + jointcHYB,,,,,0.688,0.622,0.5297530102,0.710817055,0.776066633,0.8423053858,0.8500637652,0.8448287631,0.8023740625,0.7398480084,0.8554377786,0.8059541839,0.7351081056,0.8895324102,0.4047603821,0.8725937951,0.7852326829,0.4886607233,0.4595387208
GLOVE + UKB,,,,,0.704,0.638,0.5260486015,0.7488152242,0.7860628935,0.8521548426,0.8576111726,0.8541912553,0.8133297623,0.7600898449,0.8595736201,0.8218570244,0.7431419059,0.8897291079,0.4379775856,0.8857238726,0.79258322,0.4841079599,0.5288717911
GLOVE + LEXVEC,,,,,0.641,0.577,0.4620418426,0.7253695669,0.7506176895,0.8272965729,0.8279604346,0.8275353994,0.7680988289,0.716076805,0.8277363912,0.7535847158,0.7265650204,0.7878178618,0.4271579116,0.8091688445,0.6091945688,0.3468185062,0.5363856998
W2V + FT,,,,,0.667,0.606,0.4834559296,0.7327719758,0.7469390977,0.8282510546,0.8292108464,0.8285328299,0.7509114917,0.6981465108,0.8204846816,0.7191503414,0.7081047558,0.8505207065,0.4944168661,0.867030203,0.5943676574,0.4048155028,0.5842521155
W2V + jointcHYB,,,,,0.682,0.623,0.5395975814,0.6994457792,0.7452186476,0.8183859062,0.8232354297,0.8201421317,0.7659605059,0.6970700408,0.8358947439,0.7655989668,0.6859407376,0.8881336713,0.4479948339,0.8781573873,0.7446392255,0.5201886875,0.4573655124
W2V + UKB,,,,,0.698,0.639,0.5404742866,0.7394870696,0.7515108269,0.825551508,0.8295790065,0.8270141561,0.7561240291,0.6880972073,0.8262774419,0.7602695382,0.6683752843,0.8767033514,0.497623724,0.897518688,0.7463626488,0.5185542225,0.5306653613
W2V + LEXVEC,,,,,0.640,0.582,0.4719935247,0.7222035605,0.7337864706,0.8129694992,0.811256597,0.8125118305,0.7320939491,0.670577854,0.810337309,0.7139633214,0.6896092389,0.7992918923,0.4761440859,0.8000445533,0.5650940818,0.370265033,0.5534042264
FT + jointcHYB,,,,,0.706,0.651,0.5669242306,0.7126306616,0.7797771291,0.8455425859,0.8522172555,0.847940421,0.8088205416,0.7505260964,0.8578399522,0.7904316577,0.7539366454,0.9048092623,0.427932182,0.8957383385,0.7793073895,0.5468933095,0.4915293871
FT + UKB,,,,,0.727,0.673,0.5703221232,0.7516213014,0.7908104565,0.8574269147,0.863352405,0.8596874924,0.8159532866,0.7747764809,0.8545777588,0.7931508223,0.7724921664,0.9048748282,0.5012948001,0.8995215812,0.7822071175,0.5484570548,0.5756149622
FT + LEXVEC,,,,,0.672,0.611,0.4983523901,0.7408962737,0.7750635652,0.8411912377,0.8419332856,0.8411972739,0.7776849981,0.7222592901,0.8411387843,0.7437317233,0.7505119108,0.8426746552,0.472968572,0.8487816207,0.6085243486,0.3948718358,0.5873486518
jointcHYB + UKB,,,,,0.656,0.608,0.5542288343,0.6501009556,0.6950462989,0.776867929,0.7850355875,0.7798620194,0.7572634405,0.6798723911,0.8269782253,0.771985569,0.6816339426,0.8645080961,0.2679297175,0.9075331539,0.8137484993,0.5695137192,0.3610841443
jointcHYB + LEXVEC,,,,,0.688,0.630,0.5531452673,0.7064116026,0.7735580666,0.8326034959,0.8407650886,0.8351949709,0.7916928144,0.7267488939,0.8523965077,0.784076888,0.7366794632,0.8731190828,0.4132954558,0.8806053679,0.7547390331,0.5094821946,0.4772389248
UKB + LEXVEC,,,,,0.703,0.647,0.5540387331,0.7579111787,0.785147592,0.8416434841,0.8447829489,0.8428764765,0.8002351938,0.7456536728,0.8569003143,0.784939716,0.7534303607,0.8580607837,0.4579075054,0.8710359893,0.7584266118,0.5078609546,0.5440979032
GLOVE + W2V + FT,,,,,0.668,0.602,0.4738459878,0.7390270786,0.7595070131,0.8411657391,0.842330153,0.8415798295,0.779315749,0.7279937147,0.8369620578,0.7528140346,0.7329179556,0.8511545101,0.4768600346,0.8565706497,0.6155137875,0.387014336,0.5700112272
GLOVE + W2V + jointcHYB,,,,,0.688,0.622,0.5162965894,0.7215920869,0.7744746904,0.8410867817,0.8452777983,0.8426234085,0.792532675,0.7360411814,0.84771625,0.7871562623,0.7277155992,0.88730317,0.4614228939,0.8750417757,0.7217915568,0.4680521009,0.5026101076
GLOVE + W2V + UKB,,,,,0.701,0.632,0.5151377114,0.7537798614,0.7801175901,0.8464880904,0.8486166392,0.8473232337,0.7955119498,0.7441977573,0.8488968943,0.7894381491,0.7314568555,0.8855984569,0.5013068667,0.8872816785,0.7291065312,0.4638356682,0.5485927788
GLOVE + W2V + LEXVEC,,,,,0.650,0.585,0.4658744378,0.7292041584,0.7477463409,0.8273591836,0.8271486879,0.8272190252,0.7627097803,0.7075006644,0.8303831576,0.7444739229,0.7139716577,0.817868894,0.463178577,0.8303104947,0.5889375062,0.3638017221,0.5483676201
GLOVE + FT + jointcHYB,,,,,0.702,0.639,0.534981833,0.731179454,0.7959445237,0.8573580193,0.8654288362,0.8599712194,0.8150149398,0.762332772,0.8622992874,0.7986142824,0.7640870907,0.8972691851,0.44909289,0.8788250184,0.7562983208,0.4833666007,0.5217128571
GLOVE + FT + UKB,,,,,0.714,0.650,0.5333311703,0.7635931361,0.8022012377,0.8638065614,0.8697037243,0.8658478339,0.8232176647,0.7800182264,0.8648183779,0.8054465394,0.7750820939,0.8996295571,0.4849365793,0.8743741446,0.7607245095,0.4794077054,0.570004289
GLOVE + FT + LEXVEC,,,,,0.665,0.601,0.481163179,0.7382975746,0.7716196016,0.8437380657,0.8457044715,0.8443661151,0.7873640607,0.7360584289,0.8429341384,0.7578251382,0.7529075749,0.8305231105,0.4622373861,0.8358740869,0.6183588037,0.3766852662,0.5698565598
GLOVE + jointcHYB + UKB,,,,,0.705,0.643,0.5522482509,0.7276136672,0.7742031699,0.844655448,0.8531764703,0.8475227853,0.8095962907,0.7499850493,0.8603418279,0.8137497925,0.7449517799,0.8971599086,0.4167002342,0.896851057,0.8205874805,0.5338436895,0.4751714248
GLOVE + jointcHYB + LEXVEC,,,,,0.686,0.621,0.5221701661,0.7244136477,0.7865301863,0.843710603,0.8499525729,0.8456128258,0.7992282341,0.7423372751,0.8544551038,0.7885753211,0.7482610066,0.8673929952,0.4396347252,0.863469504,0.7319761677,0.4557642943,0.5099948075
GLOVE + UKB + LEXVEC,,,,,0.696,0.630,0.5199881313,0.7599765836,0.7924338451,0.8480747822,0.8518163127,0.8492929311,0.8084306891,0.7585428175,0.858230153,0.7979072661,0.7581286825,0.863765016,0.457899461,0.8610215234,0.7396823319,0.450515148,0.5510470172
W2V + FT + jointcHYB,,,,,0.699,0.641,0.5404431849,0.7237133341,0.7784544814,0.8430157491,0.848474987,0.8449649368,0.7892991366,0.7355125075,0.8489098053,0.7661820039,0.7332262267,0.8978811334,0.4792089899,0.878379931,0.7200954894,0.505540832,0.5270870904
W2V + FT + UKB,,,,,0.711,0.651,0.5412181353,0.7583523332,0.782567506,0.8480684504,0.8518314437,0.8494402802,0.7871949155,0.7392574684,0.8428760386,0.7658603282,0.7306137977,0.8901662138,0.5296411392,0.8888394843,0.7227243938,0.5027867379,0.5735387329
W2V + FT + LEXVEC,,,,,0.664,0.605,0.4879472528,0.7401370718,0.7599509635,0.8330619444,0.8329990659,0.8328718979,0.7608048504,0.7050350193,0.8294413678,0.7294406118,0.7225852478,0.832402666,0.4914102839,0.8367642616,0.5902861533,0.3943979713,0.5810702596
W2V + jointcHYB + UKB,,,,,0.697,0.642,0.5605001802,0.7227030955,0.7501142115,0.8251052139,0.8319824303,0.8275844738,0.77901879,0.7145031565,0.8439921277,0.7799839003,0.6987403644,0.8898165291,0.4258828794,0.889729659,0.7915601084,0.557189226,0.4681408807
W2V + jointcHYB + LEXVEC,,,,,0.688,0.626,0.5314654191,0.7194182972,0.7712040339,0.8334197796,0.8384581882,0.8351090801,0.7788806093,0.7158814581,0.8451763584,0.7675424239,0.7201903337,0.8809651341,0.4711666337,0.878379931,0.7103950784,0.4795803232,0.5131257521
W2V + UKB + LEXVEC,,,,,0.698,0.634,0.5321538226,0.7567793562,0.7768455328,0.8374488232,0.839733028,0.8382582212,0.7789654547,0.7187325477,0.8450938711,0.7682946758,0.7229850252,0.8766377855,0.5018880722,0.8848336979,0.7061084049,0.475391283,0.5543318173
FT + jointcHYB + UKB,,,,,0.712,0.660,0.5783078339,0.72689787,0.7692462587,0.8421915281,0.8497340957,0.8449769309,0.8115189536,0.7592387174,0.8581440793,0.7982993083,0.7566120786,0.8959797226,0.4267235158,0.8995215812,0.8124354148,0.5714809325,0.500219063
FT + jointcHYB + LEXVEC,,,,,0.703,0.645,0.5503478652,0.7280126861,0.7959273082,0.8515044996,0.8576293525,0.8535100054,0.8063668446,0.7515774451,0.8623631254,0.7800542668,0.7634255454,0.891805361,0.4649000716,0.8774897562,0.7351932245,0.4966834141,0.5362459367
FT + UKB + LEXVEC,,,,,0.715,0.656,0.55059887,0.7671599382,0.8029870892,0.8570042812,0.8597179497,0.8579768308,0.812734071,0.7660424881,0.8611918058,0.7836111285,0.7759131508,0.8859044311,0.5041364728,0.8739290573,0.7342111468,0.493574544,0.5850088595
jointcHYB + UKB + LEXVEC,,,,,0.697,0.642,0.5700028064,0.7177973466,0.7695735495,0.8352743052,0.8442982609,0.8383647939,0.8015283363,0.7417351118,0.8579045075,0.7932077857,0.746836659,0.8779709586,0.3943871706,0.8948481638,0.7943312636,0.549288435,0.4589994789
GLOVE + W2V + FT + jointcHYB,,,,,0.696,0.632,0.5207569854,0.7330646404,0.7864485992,0.850926292,0.8555689286,0.852565378,0.8017782348,0.7505238468,0.8542585688,0.7831219134,0.7488902997,0.8920894799,0.4792009455,0.8781573873,0.7087154246,0.4658376588,0.5382404838
GLOVE + W2V + FT + UKB,,,,,0.706,0.639,0.5196114015,0.7611733863,0.7905705654,0.8545542546,0.8574893569,0.8557482266,0.8049381131,0.7590025014,0.8545971254,0.7833866257,0.755857527,0.8930948235,0.5085085864,0.8839435232,0.7117765526,0.4615514854,0.5721081423
GLOVE + W2V + FT + LEXVEC,,,,,0.665,0.601,0.4784831608,0.7411516255,0.7633765071,0.8391131873,0.8397458302,0.8393092197,0.776370576,0.7251909931,0.838208692,0.7489623036,0.7355356349,0.8441171048,0.4749173199,0.8367642616,0.6081441013,0.3820873675,0.5708527721
GLOVE + W2V + jointcHYB + UKB,,,,,0.708,0.644,0.542373595,0.7413861633,0.7813842318,0.8471951384,0.8530352143,0.8493378454,0.8061335879,0.7520806227,0.8581340374,0.8038482135,0.7417063076,0.8996732677,0.4777811147,0.8939579891,0.776101275,0.5146283866,0.5092512032
GLOVE + W2V + jointcHYB + LEXVEC,,,,,0.685,0.619,0.5128620704,0.7293681318,0.7795405502,0.8411445497,0.8449385317,0.8423228792,0.7901417254,0.7361889101,0.8480641312,0.7760517504,0.7380108044,0.8787577492,0.4751083737,0.8619116982,0.6908711546,0.4455255931,0.5282577054
GLOVE + W2V + UKB + LEXVEC,,,,,0.692,0.625,0.5119030791,0.7579495069,0.7834495417,0.843968275,0.8455850985,0.8446039873,0.7945030804,0.7448479137,0.8500617584,0.7819742685,0.7402804599,0.8734469122,0.4902177064,0.8656949409,0.6960222753,0.4410190531,0.5579745146
GLOVE + FT + jointcHYB + UKB,,,,,0.718,0.656,0.5555610649,0.7465119818,0.7958945267,0.8592799841,0.8673299682,0.8621198336,0.8229915012,0.7735676549,0.8672456563,0.8089414115,0.7711263229,0.9017495208,0.4630619337,0.8937354454,0.8028389563,0.5255571347,0.5240688999
GLOVE + FT + jointcHYB + LEXVEC,,,,,0.694,0.632,0.5254198438,0.7336915975,0.7952217346,0.8532992263,0.8592875853,0.8552385776,0.8092387668,0.7580490136,0.8609056107,0.7860488268,0.7672643083,0.8762006796,0.4605360024,0.863469504,0.7158033448,0.4563768256,0.5431026887
GLOVE + FT + UKB + LEXVEC,,,,,0.703,0.638,0.5242511803,0.7647947616,0.7997388848,0.8568851853,0.8604249563,0.8580627801,0.8149037677,0.7696254723,0.8626421477,0.7922729158,0.7749943378,0.8803094752,0.4869939263,0.8567931934,0.7229788039,0.4520551889,0.574123626
GLOVE + jointcHYB + UKB + LEXVEC,,,,,0.706,0.643,0.5473173022,0.7435272091,0.7913056737,0.8495818476,0.8564860337,0.8518864325,0.8130505363,0.7589548832,0.8647287178,0.8042486327,0.7590039925,0.8824075837,0.4511643146,0.8821631737,0.7853968184,0.5044814408,0.5151683591
W2V + FT + jointcHYB + UKB,,,,,0.713,0.657,0.561800936,0.7413117915,0.7793518736,0.8468890822,0.8537838264,0.8493907867,0.8003508673,0.7498631919,0.8527816875,0.7852647424,0.7403952178,0.9028641409,0.4847354701,0.8875042221,0.7721127811,0.5437376621,0.5239425248
W2V + FT + jointcHYB + LEXVEC,,,,,0.697,0.635,0.5316418591,0.7323564581,0.7856786148,0.8452057172,0.8498410685,0.8467606411,0.7901571394,0.7351548089,0.8519252541,0.7666829467,0.7408970021,0.893794193,0.4848963575,0.8799377368,0.6935848624,0.4741955693,0.5492669318
W2V + FT + UKB + LEXVEC,,,,,0.705,0.642,0.5314343835,0.763811175,0.7899299918,0.8481565634,0.850437453,0.8490524308,0.7914640591,0.7416968673,0.8491027539,0.7634075513,0.7441679762,0.8894449891,0.5140310446,0.8852787853,0.6929009642,0.4703075186,0.5789107072
W2V + jointcHYB + UKB + LEXVEC,,,,,0.706,0.646,0.5554759744,0.7401325029,0.7771623242,0.8402383292,0.8464943531,0.8424025033,0.7944309209,0.7356681101,0.8550676617,0.7855512348,0.7348148355,0.8894012785,0.472487921,0.8941805327,0.7603962384,0.524646673,0.5141342051
FT + jointcHYB + UKB + LEXVEC,,,,,0.718,0.661,0.5682894768,0.7443288004,0.7938114777,0.8535238885,0.8602058968,0.8558942798,0.8176226408,0.7665089209,0.8667614918,0.7952350126,0.7755403752,0.8985367923,0.4662575586,0.8992990375,0.7792143793,0.536643455,0.5372496247
GLOVE + W2V + FT + jointcHYB + UKB,,,,,0.713,0.650,0.5431783593,0.7490073726,0.7935274285,0.8556159148,0.8617008104,0.8577640371,0.8125519671,0.7649356474,0.8592479746,0.7970561659,0.7605828506,0.9007004666,0.4940528585,0.8830533484,0.761405672,0.5065695823,0.5399166152
GLOVE + W2V + FT + jointcHYB + LEXVEC,,,,,0.691,0.627,0.516053342,0.7364971671,0.7870151265,0.8485384448,0.8528943843,0.849863584,0.7971496576,0.7468040072,0.8535434398,0.7734867221,0.7505959165,0.8863196817,0.4788892263,0.8672527467,0.6836054209,0.4469000516,0.5508135803
GLOVE + W2V + FT + UKB + LEXVEC,,,,,0.697,0.631,0.5143273502,0.7627636236,0.7905090478,0.8507096295,0.8532570106,0.8515960316,0.8012517021,0.7554105184,0.8536876133,0.7769363585,0.7569833541,0.8748456512,0.4973731711,0.8701458146,0.6910188766,0.4428774066,0.5740258926
GLOVE + W2V + jointcHYB + UKB + LEXVEC,,,,,0.706,0.640,0.5371027054,0.7478435676,0.7893112419,0.8478197848,0.8528533609,0.8496620334,0.8037800139,0.750654328,0.8605806825,0.7942012944,0.7484627704,0.8876091442,0.4902257508,0.8899522027,0.7474103807,0.4899243687,0.5319561382
GLOVE + FT + jointcHYB + UKB + LEXVEC,,,,,0.713,0.650,0.5468443001,0.7493056214,0.8010463986,0.8579039702,0.8643332509,0.8600905087,0.819607369,0.7716393075,0.8669243145,0.8016517719,0.7745608081,0.8959141567,0.4778193254,0.8794926494,0.7688656328,0.498574559,0.5438552236
W2V + FT + jointcHYB + UKB + LEXVEC,,,,,0.714,0.653,0.55341083,0.7484915925,0.7914227914,0.8506477481,0.8560633398,0.8526055974,0.8033302786,0.7521304905,0.858618202,0.7823059965,0.7525505504,0.9043503011,0.4930151351,0.896851057,0.7460699404,0.5144508313,0.5460540952
GLOVE + W2V + FT + jointcHYB + UKB + LEXVEC,,,,,0.708,0.644,0.5368604089,0.7528518634,0.7965699503,0.8538984469,0.8589503293,0.8556598671,0.8084686104,0.7595454232,0.8604917396,0.7892203478,0.7591990059,0.8938160483,0.4914324059,0.8788250184,0.7378412781,0.4852412834,0.5515106589
Mean. No mapping,,,,,,,,,,,,,,,,,,,,,,,
GLOVE + W2V,,,,,0.605,0.530,0.4107697905,0.6718553517,0.6939266893,0.7908892879,0.7844380507,0.7887553178,0.680450502,0.6060031487,0.7875342327,0.6856424599,0.6300506591,0.8125143465,0.4757539341,0.8047179707,0.5318921955,0.3042168459,0.4749925117
GLOVE + FT,,,,,0.627,0.561,0.4434640951,0.6913940763,0.7370549408,0.8233287566,0.8234256257,0.8235327121,0.7213730064,0.6552031919,0.8048443721,0.7163658365,0.6762785757,0.8131918606,0.4060957471,0.8200734851,0.6035510414,0.336961524,0.5012134703
GLOVE + jointcHYB,,,,,0.642,0.573,0.4776977207,0.6728782817,0.7498466316,0.7989550747,0.7963965007,0.7984887962,0.7155894675,0.6245172338,0.8230374842,0.7257832266,0.6631781783,0.8452535802,0.4136192416,0.8180705919,0.7127039185,0.4242307779,0.4296936749
GLOVE + UKB,,,,,0.651,0.581,0.4840769359,0.6667140496,0.7346502696,0.8015258498,0.8074781427,0.8038352792,0.7282081104,0.6362031768,0.8161379595,0.7742925866,0.6030840618,0.8649014914,0.4119842239,0.8512296012,0.7188124965,0.4112828321,0.4869033451
GLOVE + LEXVEC,,,,,0.596,0.524,0.4158102333,0.6783221477,0.714463639,0.7951133515,0.7858392857,0.7920434265,0.6820077294,0.6025648936,0.7720323585,0.7118171415,0.6181383431,0.7788134797,0.3700187711,0.7793479905,0.599398412,0.2810753708,0.4692479871
W2V + FT,,,,,0.646,0.591,0.4648479349,0.6927490143,0.7122242628,0.8088765642,0.8135199772,0.8106600703,0.7579801251,0.7016402579,0.803674487,0.7458594738,0.7094300966,0.8104599486,0.4810390834,0.8518972323,0.5559353181,0.3984817405,0.5686135437
W2V + jointcHYB,,,,,0.660,0.600,0.5203304735,0.656746447,0.715100992,0.7931421633,0.7952941272,0.7940384431,0.7490975455,0.6821764345,0.8105740117,0.7439662785,0.6825572558,0.8635683184,0.4028719669,0.8814955426,0.7299326801,0.4933501093,0.4502072832
W2V + UKB,,,,,0.662,0.618,0.5309206747,0.706090827,0.7184370806,0.8006945894,0.8008647959,0.8009380193,0.7197774486,0.6324488421,0.7870220942,0.7445292109,0.6347032278,0.8289276739,0.4016307375,0.8525648633,0.6968101259,0.5039034828,0.51840438
W2V + LEXVEC,,,,,0.620,0.560,0.4611097463,0.7062354454,0.688268132,0.7843397138,0.792417419,0.7869156042,0.7061609853,0.6263852149,0.7852912954,0.6982816328,0.6324073205,0.7991826158,0.4246058361,0.8031601649,0.5555003589,0.3501911947,0.5356542156
FT + jointcHYB,,,,,0.677,0.624,0.5525663339,0.6761019073,0.7411974477,0.8107341961,0.8152539667,0.812181143,0.7816052115,0.7015971391,0.8476997525,0.7825841119,0.698165825,0.892395454,0.3368679337,0.8966285133,0.7584266118,0.5253586407,0.4726588618
FT + UKB,,,,,0.707,0.648,0.5464922928,0.703186454,0.7656478008,0.8307299648,0.8279448895,0.8301781987,0.7812306366,0.7241527675,0.8347212724,0.755621995,0.7481972522,0.8950180896,0.5183870694,0.9033048239,0.7473228418,0.5206508213,0.5642117443
FT + LEXVEC,,,,,0.660,0.604,0.495522821,0.7436254408,0.7439989263,0.8246461982,0.8313763767,0.8268352631,0.7397368579,0.6729786334,0.7906171059,0.6948571273,0.73663221,0.8078154578,0.4961645049,0.8131746308,0.6109152565,0.3937355222,0.5909000663
jointcHYB + UKB,,,,,0.626,0.582,0.5327404533,0.5751800897,0.6748200443,0.7465792667,0.7472746708,0.7474240338,0.7344802608,0.6307207159,0.8058916022,0.7498402101,0.6422449944,0.8314628883,0.2710569653,0.8774897562,0.7498833564,0.5372219018,0.3592741889
jointcHYB + LEXVEC,,,,,0.660,0.608,0.5186548415,0.6733257818,0.7425483603,0.8027255048,0.8100384277,0.8051113621,0.7780463414,0.7269479902,0.836444181,0.7649907987,0.7361934299,0.8488815593,0.3801727737,0.8234116404,0.730490741,0.4919486442,0.4697806948
UKB + LEXVEC,,,,,0.677,0.627,0.5407230406,0.6959462417,0.7642207866,0.8211529617,0.8224061992,0.8218916403,0.7781232752,0.7151844334,0.8227104041,0.7810762572,0.7290971938,0.8238353899,0.4166720789,0.8830533484,0.7054245068,0.4906674796,0.5295083369
GLOVE + W2V + FT,,,,,0.629,0.565,0.4332086171,0.7007344679,0.7087411552,0.8124800995,0.8119180547,0.8125005034,0.7267354557,0.6647781887,0.8006116976,0.7187918071,0.6821447276,0.797281205,0.4821411617,0.8147324366,0.5640080516,0.3503222215,0.5240728477
GLOVE + W2V + jointcHYB,,,,,0.643,0.575,0.4693054422,0.6764199547,0.7324456255,0.8041414651,0.7956639558,0.8013786822,0.7224849999,0.6455067126,0.8196949553,0.7186946342,0.6788572524,0.8357902369,0.4680031863,0.8327584752,0.6571549768,0.4077574765,0.4739828642
GLOVE + W2V + UKB,,,,,0.652,0.585,0.4809314022,0.6850194202,0.7188210058,0.8060995435,0.8066951934,0.8061939141,0.7297471955,0.6512793817,0.809394802,0.7603650357,0.6370643895,0.8523784067,0.4819239638,0.8429954848,0.6559020754,0.4074873762,0.5158852283
GLOVE + W2V + LEXVEC,,,,,0.605,0.534,0.4254238823,0.6871289912,0.6931042991,0.789611227,0.787256954,0.7885697759,0.6883543583,0.6046934622,0.7839879961,0.7050468741,0.6199197151,0.7912928539,0.433058455,0.7724491362,0.5752267165,0.3004794987,0.4967250018
GLOVE + FT + jointcHYB,,,,,0.659,0.598,0.4983037935,0.6918314233,0.7573451001,0.8248801579,0.8221133152,0.8241129044,0.7467535201,0.667868119,0.8409494222,0.745949945,0.6852514404,0.8531214868,0.3916862743,0.8607989798,0.70130744,0.4376083229,0.4863719692
GLOVE + FT + UKB,,,,,0.668,0.605,0.4992950421,0.7025389368,0.7543264444,0.8303438822,0.8291631068,0.8303857293,0.7511332902,0.6802210909,0.8274559344,0.7561815767,0.6806161228,0.8462807791,0.4792813892,0.8314232131,0.6973189461,0.4255951814,0.5314400575
GLOVE + FT + LEXVEC,,,,,0.631,0.566,0.4481040545,0.7133246295,0.7309056567,0.8183598013,0.8166334746,0.8178309324,0.7116632521,0.6387963035,0.7770805813,0.7069735773,0.6770728801,0.7942651741,0.4512668802,0.7837988642,0.6255944459,0.3365144039,0.5318705673
GLOVE + jointcHYB + UKB,,,,,0.657,0.593,0.5015023531,0.6614765465,0.7323446759,0.7973567018,0.8003605415,0.7988704105,0.7386217271,0.6400137533,0.829881061,0.7531759197,0.6544888331,0.8586071661,0.4265988281,0.8534550381,0.7357594922,0.4622734978,0.4601677797
GLOVE + jointcHYB + LEXVEC,,,,,0.638,0.573,0.4607358571,0.684617863,0.7467592972,0.8056564963,0.8028154501,0.8046839233,0.7278020254,0.6541525932,0.8171349799,0.7336022907,0.6921039098,0.8214750179,0.3871492511,0.8125069998,0.6971575462,0.3920919965,0.4801827056
GLOVE + UKB + LEXVEC,,,,,0.649,0.579,0.4800624664,0.6800842271,0.7475580439,0.8126100428,0.8095775914,0.8117626013,0.7344409755,0.6548608662,0.8023869678,0.7633740434,0.6557316682,0.8402924279,0.4022424952,0.8518972323,0.697461197,0.3827828483,0.5105188157
W2V + FT + jointcHYB,,,,,0.665,0.611,0.5159693709,0.667997408,0.7251618205,0.8071242517,0.8112192528,0.8086172185,0.7752603559,0.711470593,0.8197803117,0.779829764,0.7055845832,0.8560500965,0.3780148721,0.8992990375,0.6947666383,0.4824984735,0.507014359
W2V + FT + UKB,,,,,0.673,0.625,0.515935934,0.6987662795,0.7358510866,0.818875843,0.8190094034,0.8192745041,0.7664287927,0.7033012688,0.8075449346,0.7593497469,0.7120057731,0.8435051565,0.4731556035,0.8567931934,0.6544166487,0.4837101217,0.5553508391
W2V + FT + LEXVEC,,,,,0.643,0.587,0.4734552598,0.7319587084,0.7063011104,0.8045615051,0.8170111477,0.8087368049,0.7381198841,0.6685100266,0.7857768946,0.7159972498,0.695713157,0.7952705178,0.4830944192,0.8162902424,0.5655755461,0.3830025411,0.5719166119
W2V + jointcHYB + UKB,,,,,0.654,0.609,0.5380129257,0.6517648033,0.7138236414,0.7887043147,0.7911097545,0.7897894157,0.7426595237,0.6531124929,0.7974958295,0.7502640848,0.6648237911,0.8386314254,0.3470842801,0.8681429214,0.7270767215,0.5212809111,0.459197767
W2V + jointcHYB + LEXVEC,,,,,0.650,0.593,0.4958865155,0.6860969234,0.719647114,0.7945764971,0.801505979,0.7968296762,0.7604152707,0.6985349549,0.8234671354,0.7496575921,0.6982115782,0.8328834825,0.3920643595,0.8276399704,0.6901106599,0.4493890408,0.4958146947
W2V + UKB + LEXVEC,,,,,0.654,0.606,0.5163626987,0.7084795457,0.7290997183,0.8034016391,0.8072348114,0.804878721,0.7394467193,0.655584887,0.7976450239,0.7544425176,0.6703006662,0.8024609102,0.4076583654,0.8327584752,0.6600902676,0.4545093489,0.5331041205
FT + jointcHYB + UKB,,,,,0.678,0.623,0.5470488026,0.6441339485,0.7333494588,0.8000205558,0.7995743991,0.8001738979,0.7728905494,0.6860113825,0.8442080292,0.771471223,0.7004962347,0.8916086634,0.3523231743,0.9280071731,0.7726735776,0.531727843,0.4832067154
FT + jointcHYB + LEXVEC,,,,,0.675,0.620,0.5227828028,0.7163228552,0.7540456027,0.811388143,0.8186069242,0.8134300002,0.7741606391,0.7127244125,0.8299370089,0.7516982221,0.7354036258,0.8665624939,0.3995898651,0.8481139896,0.7166759988,0.4815414563,0.5275280244
FT + UKB + LEXVEC,,,,,0.689,0.636,0.5326390054,0.7156608697,0.7707378146,0.8306259905,0.8327801265,0.8316754637,0.770766822,0.7117364297,0.8106916458,0.7419675333,0.760077316,0.8413196268,0.5270206866,0.8423278538,0.6904717581,0.4786775342,0.5774038126
jointcHYB + UKB + LEXVEC,,,,,0.660,0.611,0.5288742468,0.6446162232,0.7398467709,0.7984683127,0.8071003429,0.8015565598,0.7804956734,0.7127750302,0.8315939277,0.7827298712,0.7239555916,0.8389811102,0.3495237345,0.8690330962,0.7477906281,0.5139754275,0.4499271315
GLOVE + W2V + FT + jointcHYB,,,,,0.654,0.591,0.4767721963,0.6881455755,0.7322529036,0.8172528628,0.8121568366,0.8157727672,0.746183337,0.6770224263,0.8248428802,0.7495151836,0.6874250893,0.8395274926,0.4280689362,0.8812729989,0.661241952,0.4220037974,0.507786289
GLOVE + W2V + FT + UKB,,,,,0.660,0.598,0.4814514902,0.7068169671,0.7278313354,0.8203414262,0.8199776152,0.8203919616,0.7506172608,0.6860698741,0.8083812841,0.7616433613,0.6834123144,0.8299548728,0.4948331621,0.8510070575,0.6415347435,0.4193866093,0.5386328386
GLOVE + W2V + FT + LEXVEC,,,,,0.627,0.563,0.4404416204,0.7163299624,0.7053302742,0.8081414915,0.8095421619,0.8086447711,0.7121631854,0.6390928858,0.7770246334,0.7116596545,0.6652655713,0.7858945957,0.4842709079,0.7753422041,0.5865137712,0.341105132,0.5371630358
GLOVE + W2V + jointcHYB + UKB,,,,,0.659,0.595,0.4967769241,0.6746083787,0.7302678062,0.803609851,0.8019394104,0.8033486754,0.7433022755,0.6602859603,0.8231106468,0.7503093204,0.6737839048,0.8508048254,0.4554157626,0.8665851156,0.6841197122,0.4494979579,0.4923688785
GLOVE + W2V + jointcHYB + LEXVEC,,,,,0.635,0.568,0.4545751667,0.6856575457,0.7230015308,0.800179427,0.7951356755,0.7984402271,0.7291587338,0.6531818579,0.8219565419,0.7264349549,0.6848261612,0.8179563152,0.4242900947,0.8089463008,0.6635425853,0.379979114,0.4970317375
GLOVE + W2V + UKB + LEXVEC,,,,,0.639,0.576,0.4739285447,0.6860192518,0.7231750604,0.8037916896,0.8040904819,0.8036692608,0.725820571,0.642516518,0.7927187389,0.7552885916,0.6416442032,0.8132574265,0.4216374646,0.8303104947,0.6521597849,0.3807657082,0.5211844596
GLOVE + FT + jointcHYB + UKB,,,,,0.677,0.612,0.5142036172,0.6888958934,0.7507351083,0.8223803479,0.820286902,0.8219390425,0.758710587,0.670097923,0.8457738534,0.7608274444,0.6766280997,0.879260421,0.4500763139,0.8763770378,0.7386236576,0.4680109333,0.5001326308
GLOVE + FT + jointcHYB + LEXVEC,,,,,0.657,0.593,0.4771302097,0.7118922737,0.7519103573,0.8178532522,0.8156283267,0.8172018678,0.7440020457,0.6703457624,0.8199746949,0.7406959092,0.701683566,0.8368392911,0.4125292298,0.8374318927,0.7041032156,0.4132832626,0.5181222329
GLOVE + FT + UKB + LEXVEC,,,,,0.664,0.600,0.4905099894,0.710226903,0.7529380375,0.826884309,0.8254616577,0.8267493933,0.7430792493,0.6738256365,0.7951488865,0.7405551761,0.6997199315,0.829452201,0.4906420468,0.8211862035,0.6848966205,0.4059745958,0.5460011406
GLOVE + jointcHYB + UKB + LEXVEC,,,,,0.655,0.593,0.4860190212,0.6676768222,0.7495247476,0.8086773145,0.8107141641,0.8093045183,0.7540293565,0.6703990047,0.8323750466,0.7611524709,0.6987238632,0.842215694,0.4056251516,0.8389896985,0.7189957812,0.4320640204,0.4976658365
W2V + FT + jointcHYB + UKB,,,,,0.672,0.622,0.5332651994,0.6679908084,0.7295029668,0.8048907125,0.8064494372,0.805813131,0.770952609,0.6955833797,0.8147213297,0.7752291319,0.704939539,0.8563342153,0.3912579117,0.8937354454,0.7202322691,0.5125512033,0.5056822912
W2V + FT + jointcHYB + LEXVEC,,,,,0.662,0.606,0.500235618,0.7085968146,0.7269490379,0.8037693592,0.8114409171,0.8062225416,0.7681338856,0.7085925072,0.8146876175,0.7588119454,0.7120417755,0.8424779575,0.4007804314,0.8583509992,0.6787360662,0.4532735943,0.5347577511
W2V + FT + UKB + LEXVEC,,,,,0.663,0.617,0.5093322541,0.7178742567,0.7362956654,0.8173639058,0.8218217706,0.8192288243,0.7588944642,0.695380159,0.7930630337,0.7476890041,0.7196300453,0.8024390549,0.4821833946,0.8078335823,0.6360608229,0.4537891162,0.56512077
W2V + jointcHYB + UKB + LEXVEC,,,,,0.655,0.610,0.5176398513,0.6785450093,0.7317470298,0.7983256268,0.8038071655,0.80033976,0.7628096305,0.6901650346,0.8118916567,0.7652287047,0.6975020295,0.8262176172,0.3607114382,0.8254145336,0.7089835126,0.4904454149,0.4971076577
FT + jointcHYB + UKB + LEXVEC,,,,,0.684,0.628,0.5307398234,0.684880322,0.7560003668,0.8116306649,0.8162411746,0.8133829216,0.7835439704,0.7144862839,0.8370352205,0.7690720587,0.741479042,0.8800472117,0.4237149224,0.8817180863,0.7331141742,0.5068889847,0.5253889503
GLOVE + W2V + FT + jointcHYB + UKB,,,,,0.668,0.607,0.5004461026,0.6929074035,0.736442344,0.816530556,0.8133957606,0.8159684483,0.7592593541,0.6831974125,0.8265657888,0.7679914295,0.6891952105,0.8403579938,0.4665873777,0.867697834,0.6917109815,0.456398358,0.5173922883
GLOVE + W2V + FT + jointcHYB + LEXVEC,,,,,0.645,0.585,0.4642551898,0.7093009356,0.726774461,0.8108448936,0.8075484797,0.8098627258,0.7367728606,0.6658940281,0.8069402668,0.7358959052,0.6870380628,0.8166449974,0.4275902964,0.8147324366,0.6632526125,0.4010842808,0.5261811853
GLOVE + W2V + FT + UKB + LEXVEC,,,,,0.651,0.592,0.4766465194,0.7124542506,0.7292116648,0.8172347577,0.8175258396,0.8174519082,0.7378463872,0.6655738242,0.7863557403,0.7470322496,0.6844376346,0.808055866,0.4865736081,0.8029376212,0.643766987,0.3999500067,0.5465997608
GLOVE + W2V + jointcHYB + UKB + LEXVEC,,,,,0.647,0.588,0.4796651304,0.6773317077,0.7349942261,0.8037927857,0.8029913074,0.8036305939,0.7477497036,0.6683214287,0.8201733817,0.7573526771,0.6857764763,0.8204041084,0.4061862462,0.8256370773,0.6893063957,0.4225068279,0.5096859447
GLOVE + FT + jointcHYB + UKB + LEXVEC,,,,,0.674,0.608,0.4963563641,0.7001699527,0.757271787,0.8205213787,0.8193368162,0.8204347534,0.7624039548,0.6844538567,0.8277184592,0.7616115289,0.7091743291,0.8561375177,0.4632509763,0.8592411739,0.7217614653,0.4455946698,0.5258813412
W2V + FT + jointcHYB + UKB + LEXVEC,,,,,0.668,0.619,0.5171353743,0.6985670239,0.7384634958,0.8077350652,0.8115892015,0.8092961283,0.773017954,0.7099096927,0.8131232279,0.7659306948,0.7213716646,0.838303596,0.4027593458,0.8585735429,0.6988727627,0.4876859266,0.5305420788
GLOVE + W2V + FT + jointcHYB + UKB + LEXVEC,,,,,0.660,0.601,0.4854850975,0.7026153392,0.7390763152,0.8136724108,0.8110479029,0.8132447834,0.7566116857,0.6844392338,0.8132071498,0.7593262913,0.702165849,0.823551271,0.4428987272,0.837209349,0.6868416268,0.4352807286,0.5326603188