,,vs concatenaci√≥n sin L2,,,,,,,,,,,,,,,,,,,,
Embeddings,Pesos,Media (Diferencia),Media Ponderada (Diferecia),Media,Media Ponderada,SimLex 999,MTurk 287,MTurk 771,MEN DEV,MEN TEST,MEN ALL,WS353 all,WS353 relatedness,WS353 similarity,WS353 set1,WS353 set2,RG65,VERB 143,MC 30,YP 130,SimVerb 3500,RW
GLOVE+W2V,"[1,1]",0.029,0.026,0.641,0.579,0.460,0.730,0.731,0.820,0.817,0.819,0.763,0.714,0.812,0.736,0.717,0.794,0.459,0.804,0.592,0.365,0.536
GLOVE+W2V,"[2,1]",0.026,0.023,0.638,0.576,0.459,0.730,0.739,0.829,0.828,0.828,0.777,0.727,0.821,0.765,0.723,0.769,0.430,0.804,0.597,0.351,0.531
GLOVE+W2V,"[1,2]",0.017,0.015,0.629,0.567,0.452,0.711,0.703,0.797,0.795,0.797,0.725,0.668,0.795,0.687,0.687,0.780,0.480,0.799,0.574,0.368,0.525
GLOVE+W2V,"[8,1]",0.017,0.017,0.628,0.570,0.454,0.721,0.736,0.829,0.829,0.829,0.775,0.726,0.816,0.766,0.720,0.757,0.393,0.788,0.597,0.339,0.522
GLOVE+W2V,"[1,8]",0.001,0.000,0.612,0.553,0.443,0.689,0.674,0.775,0.773,0.774,0.692,0.629,0.773,0.656,0.655,0.763,0.478,0.787,0.560,0.364,0.510
GLOVE+FT,"[1,1]",-0.011,-0.016,0.663,0.604,0.484,0.739,0.764,0.845,0.847,0.846,0.800,0.754,0.841,0.765,0.766,0.813,0.443,0.840,0.616,0.387,0.565
GLOVE+FT,"[2,1]",-0.031,-0.036,0.644,0.584,0.466,0.730,0.749,0.837,0.837,0.837,0.785,0.738,0.826,0.769,0.740,0.780,0.416,0.811,0.607,0.358,0.541
GLOVE+FT,"[1,2]",-0.002,-0.004,0.673,0.616,0.498,0.735,0.768,0.844,0.847,0.845,0.796,0.749,0.841,0.747,0.771,0.849,0.449,0.841,0.623,0.412,0.581
GLOVE+FT,"[8,1]",-0.046,-0.050,0.629,0.570,0.454,0.721,0.736,0.830,0.829,0.830,0.775,0.727,0.816,0.766,0.722,0.757,0.391,0.788,0.598,0.339,0.525
GLOVE+FT,"[1,8]",-0.001,-0.002,0.674,0.618,0.503,0.727,0.762,0.836,0.840,0.838,0.787,0.735,0.835,0.737,0.763,0.860,0.447,0.852,0.625,0.425,0.586
GLOVE+jointcHYB,"[1,1]",0.038,0.030,0.691,0.632,0.538,0.717,0.777,0.845,0.852,0.848,0.807,0.745,0.850,0.804,0.746,0.867,0.417,0.861,0.782,0.492,0.497
GLOVE+jointcHYB,"[2,1]",0.011,0.000,0.664,0.602,0.490,0.728,0.764,0.840,0.843,0.841,0.795,0.743,0.834,0.790,0.739,0.811,0.429,0.836,0.679,0.401,0.533
GLOVE+jointcHYB,"[1,2]",0.027,0.026,0.680,0.627,0.555,0.675,0.741,0.822,0.830,0.825,0.789,0.711,0.845,0.795,0.712,0.880,0.350,0.873,0.817,0.550,0.424
GLOVE+jointcHYB,"[8,1]",-0.022,-0.029,0.631,0.572,0.456,0.722,0.738,0.830,0.830,0.830,0.776,0.728,0.818,0.769,0.722,0.759,0.397,0.788,0.603,0.343,0.527
GLOVE+jointcHYB,"[1,8]",0.002,0.003,0.656,0.604,0.543,0.628,0.696,0.782,0.788,0.784,0.758,0.671,0.827,0.774,0.671,0.865,0.307,0.877,0.818,0.558,0.377
GLOVE+UKB,"[1,1]",0.064,0.042,0.696,0.639,0.537,0.734,0.776,0.849,0.852,0.850,0.812,0.760,0.849,0.812,0.748,0.857,0.430,0.862,0.767,0.486,0.541
GLOVE+UKB,"[2,1]",0.033,0.006,0.665,0.602,0.489,0.739,0.763,0.841,0.842,0.842,0.799,0.751,0.837,0.794,0.742,0.803,0.439,0.829,0.669,0.396,0.543
GLOVE+UKB,"[1,2]",0.046,0.039,0.679,0.636,0.550,0.656,0.737,0.822,0.826,0.824,0.779,0.708,0.832,0.803,0.688,0.860,0.324,0.895,0.802,0.545,0.493
GLOVE+UKB,"[8,1]",-0.002,-0.025,0.631,0.572,0.456,0.723,0.738,0.830,0.830,0.830,0.777,0.729,0.818,0.769,0.722,0.758,0.396,0.788,0.603,0.342,0.525
GLOVE+UKB,"[1,8]",0.005,0.004,0.637,0.601,0.528,0.565,0.683,0.762,0.763,0.763,0.718,0.628,0.785,0.768,0.598,0.828,0.280,0.879,0.772,0.546,0.445
GLOVE+LEXVEC,"[1,1]",0.010,0.007,0.638,0.579,0.471,0.724,0.752,0.827,0.826,0.827,0.773,0.723,0.822,0.751,0.737,0.762,0.429,0.793,0.599,0.351,0.540
GLOVE+LEXVEC,"[2,1]",0.004,0.003,0.633,0.575,0.461,0.726,0.745,0.830,0.829,0.830,0.777,0.729,0.819,0.762,0.732,0.754,0.407,0.786,0.600,0.345,0.532
GLOVE+LEXVEC,"[1,2]",0.008,0.005,0.636,0.577,0.477,0.723,0.748,0.818,0.817,0.818,0.757,0.702,0.816,0.735,0.723,0.758,0.438,0.794,0.597,0.353,0.538
GLOVE+LEXVEC,"[8,1]",0.000,-0.002,0.628,0.570,0.454,0.721,0.736,0.829,0.829,0.829,0.775,0.727,0.816,0.766,0.721,0.757,0.391,0.788,0.598,0.338,0.523
GLOVE+LEXVEC,"[1,8]",0.000,-0.001,0.629,0.571,0.477,0.718,0.739,0.808,0.807,0.808,0.739,0.676,0.806,0.717,0.705,0.746,0.440,0.784,0.580,0.352,0.532
GLOVE+SKE,"[1,1]",0.018,0.022,0.628,0.567,0.440,0.743,0.735,0.818,0.818,0.818,0.771,0.723,0.803,0.757,0.728,0.740,0.440,0.753,0.597,0.334,0.537
GLOVE+SKE,"[2,1]",0.022,0.026,0.632,0.571,0.449,0.734,0.739,0.826,0.826,0.826,0.776,0.729,0.813,0.767,0.726,0.747,0.416,0.787,0.599,0.338,0.535
GLOVE+SKE,"[1,2]",0.011,0.011,0.621,0.557,0.425,0.746,0.725,0.803,0.803,0.803,0.757,0.704,0.784,0.741,0.720,0.730,0.466,0.729,0.596,0.325,0.527
GLOVE+SKE,"[8,1]",0.019,0.025,0.629,0.570,0.453,0.723,0.736,0.829,0.829,0.829,0.775,0.726,0.815,0.767,0.720,0.757,0.393,0.788,0.597,0.338,0.528
GLOVE+SKE,"[1,8]",0.001,0.001,0.611,0.546,0.413,0.743,0.715,0.790,0.791,0.790,0.744,0.688,0.772,0.730,0.710,0.716,0.472,0.711,0.584,0.316,0.516
GLOVE+PDC,"[1,1]",0.048,0.049,0.645,0.574,0.460,0.730,0.746,0.830,0.830,0.831,0.805,0.759,0.833,0.793,0.739,0.826,0.405,0.851,0.577,0.339,0.530
GLOVE+PDC,"[2,1]",0.040,0.049,0.638,0.575,0.459,0.729,0.744,0.833,0.833,0.833,0.792,0.746,0.828,0.782,0.735,0.776,0.397,0.820,0.594,0.341,0.531
GLOVE+PDC,"[1,2]",0.028,0.028,0.626,0.554,0.447,0.704,0.723,0.808,0.806,0.807,0.793,0.741,0.822,0.786,0.710,0.816,0.383,0.845,0.539,0.321,0.507
GLOVE+PDC,"[8,1]",0.031,0.044,0.628,0.570,0.453,0.722,0.736,0.829,0.829,0.829,0.776,0.728,0.817,0.768,0.722,0.757,0.391,0.788,0.596,0.338,0.525
GLOVE+PDC,"[1,8]",0.002,0.002,0.600,0.527,0.429,0.675,0.691,0.777,0.771,0.776,0.768,0.703,0.800,0.767,0.675,0.790,0.346,0.829,0.515,0.298,0.479
W2V+FT,"[1,1]",-0.010,-0.012,0.660,0.599,0.480,0.728,0.734,0.818,0.819,0.818,0.753,0.701,0.813,0.704,0.726,0.829,0.493,0.854,0.601,0.407,0.563
W2V+FT,"[2,1]",-0.014,-0.016,0.633,0.573,0.458,0.709,0.699,0.793,0.793,0.793,0.715,0.657,0.787,0.670,0.684,0.783,0.492,0.815,0.580,0.382,0.534
W2V+FT,"[1,2]",-0.003,-0.005,0.673,0.614,0.496,0.732,0.757,0.832,0.835,0.833,0.777,0.726,0.827,0.726,0.753,0.856,0.474,0.866,0.616,0.422,0.580
W2V+FT,"[8,1]",-0.002,-0.004,0.613,0.553,0.443,0.690,0.674,0.774,0.772,0.773,0.689,0.628,0.769,0.651,0.654,0.765,0.484,0.791,0.561,0.365,0.512
W2V+FT,"[1,8]",-0.001,-0.002,0.674,0.618,0.503,0.727,0.762,0.835,0.838,0.837,0.785,0.734,0.834,0.735,0.762,0.862,0.450,0.852,0.627,0.426,0.584
W2V+jointcHYB,"[1,1]",0.020,0.012,0.685,0.626,0.535,0.701,0.746,0.818,0.824,0.820,0.774,0.708,0.837,0.758,0.705,0.876,0.453,0.869,0.758,0.521,0.478
W2V+jointcHYB,"[2,1]",-0.030,-0.042,0.652,0.590,0.485,0.702,0.716,0.796,0.798,0.797,0.730,0.666,0.805,0.702,0.679,0.824,0.512,0.821,0.649,0.434,0.506
W2V+jointcHYB,"[1,2]",0.018,0.017,0.675,0.624,0.553,0.667,0.727,0.807,0.816,0.810,0.773,0.695,0.837,0.776,0.689,0.881,0.353,0.865,0.815,0.560,0.416
W2V+jointcHYB,"[8,1]",-0.030,-0.033,0.614,0.552,0.445,0.684,0.675,0.773,0.772,0.773,0.693,0.626,0.775,0.661,0.653,0.764,0.499,0.789,0.570,0.369,0.494
W2V+jointcHYB,"[1,8]",0.001,0.000,0.655,0.604,0.543,0.628,0.695,0.780,0.787,0.783,0.757,0.670,0.826,0.773,0.670,0.865,0.308,0.877,0.818,0.559,0.376
W2V+UKB,"[1,1]",0.001,-0.009,0.684,0.630,0.534,0.704,0.741,0.816,0.818,0.817,0.763,0.698,0.821,0.759,0.686,0.859,0.437,0.884,0.746,0.515,0.520
W2V+UKB,"[2,1]",-0.032,-0.038,0.650,0.588,0.482,0.706,0.712,0.794,0.794,0.794,0.725,0.657,0.803,0.700,0.674,0.806,0.509,0.829,0.644,0.428,0.517
W2V+UKB,"[1,2]",0.014,0.011,0.668,0.628,0.548,0.629,0.721,0.801,0.804,0.802,0.753,0.676,0.812,0.776,0.651,0.857,0.312,0.900,0.792,0.556,0.481
W2V+UKB,"[8,1]",-0.008,-0.009,0.612,0.551,0.445,0.682,0.675,0.773,0.773,0.773,0.692,0.620,0.777,0.661,0.654,0.764,0.478,0.788,0.567,0.368,0.496
W2V+UKB,"[1,8]",-0.001,-0.001,0.632,0.599,0.527,0.553,0.682,0.760,0.761,0.761,0.717,0.627,0.786,0.767,0.596,0.825,0.252,0.874,0.771,0.547,0.443
W2V+LEXVEC,"[1,1]",0.011,0.009,0.640,0.579,0.472,0.728,0.730,0.808,0.807,0.807,0.733,0.672,0.805,0.697,0.699,0.796,0.484,0.805,0.570,0.372,0.540
W2V+LEXVEC,"[2,1]",0.010,0.007,0.627,0.566,0.456,0.709,0.701,0.791,0.789,0.790,0.709,0.649,0.785,0.668,0.676,0.782,0.492,0.797,0.566,0.370,0.528
W2V+LEXVEC,"[1,2]",-0.002,-0.003,0.639,0.578,0.478,0.726,0.742,0.812,0.811,0.811,0.742,0.683,0.810,0.717,0.706,0.780,0.462,0.812,0.577,0.363,0.537
W2V+LEXVEC,"[8,1]",0.000,-0.001,0.612,0.553,0.443,0.686,0.674,0.774,0.772,0.773,0.689,0.626,0.769,0.649,0.654,0.764,0.483,0.788,0.559,0.364,0.513
W2V+LEXVEC,"[1,8]",-0.004,-0.004,0.629,0.571,0.477,0.718,0.739,0.808,0.806,0.807,0.737,0.674,0.805,0.716,0.704,0.749,0.442,0.784,0.580,0.353,0.528
W2V+SKE,"[1,1]",0.000,0.002,0.633,0.567,0.441,0.745,0.718,0.799,0.798,0.799,0.744,0.690,0.791,0.710,0.706,0.778,0.492,0.778,0.584,0.355,0.534
W2V+SKE,"[2,1]",-0.001,0.000,0.625,0.563,0.445,0.722,0.698,0.787,0.787,0.787,0.714,0.658,0.781,0.674,0.680,0.776,0.484,0.784,0.569,0.365,0.527
W2V+SKE,"[1,2]",0.000,0.001,0.624,0.557,0.428,0.747,0.720,0.797,0.797,0.797,0.751,0.694,0.785,0.730,0.713,0.742,0.485,0.744,0.587,0.334,0.525
W2V+SKE,"[8,1]",0.000,0.000,0.612,0.553,0.442,0.686,0.674,0.773,0.772,0.772,0.689,0.628,0.769,0.652,0.654,0.763,0.479,0.788,0.560,0.364,0.515
W2V+SKE,"[1,8]",0.000,0.000,0.611,0.546,0.414,0.743,0.715,0.790,0.791,0.790,0.743,0.687,0.771,0.729,0.710,0.716,0.473,0.712,0.582,0.317,0.516
W2V+PDC,"[1,1]",0.018,0.021,0.630,0.562,0.454,0.716,0.713,0.798,0.799,0.799,0.761,0.701,0.813,0.730,0.697,0.804,0.447,0.836,0.542,0.354,0.508
W2V+PDC,"[2,1]",-0.004,-0.001,0.624,0.558,0.450,0.706,0.692,0.786,0.787,0.786,0.724,0.663,0.795,0.688,0.679,0.774,0.478,0.813,0.566,0.364,0.505
W2V+PDC,"[1,2]",0.015,0.015,0.617,0.546,0.444,0.700,0.707,0.792,0.791,0.792,0.773,0.712,0.813,0.761,0.690,0.800,0.392,0.833,0.526,0.325,0.493
W2V+PDC,"[8,1]",-0.008,-0.009,0.611,0.550,0.443,0.685,0.673,0.772,0.772,0.772,0.695,0.629,0.776,0.662,0.654,0.763,0.480,0.791,0.560,0.364,0.497
W2V+PDC,"[1,8]",0.000,-0.002,0.598,0.526,0.428,0.674,0.689,0.776,0.770,0.774,0.767,0.702,0.799,0.767,0.674,0.790,0.346,0.828,0.514,0.299,0.473
FT+jointcHYB,"[1,1]",0.027,0.026,0.705,0.655,0.562,0.710,0.780,0.846,0.854,0.849,0.808,0.748,0.854,0.787,0.756,0.896,0.416,0.879,0.791,0.548,0.517
FT+jointcHYB,"[2,1]",-0.005,-0.011,0.699,0.645,0.535,0.728,0.784,0.847,0.853,0.849,0.803,0.749,0.846,0.759,0.770,0.891,0.471,0.865,0.702,0.485,0.579
FT+jointcHYB,"[1,2]",0.020,0.021,0.681,0.632,0.560,0.668,0.736,0.816,0.824,0.819,0.785,0.709,0.842,0.785,0.712,0.885,0.341,0.880,0.821,0.566,0.433
FT+jointcHYB,"[8,1]",-0.011,-0.011,0.676,0.621,0.506,0.727,0.764,0.837,0.840,0.838,0.787,0.735,0.835,0.739,0.763,0.864,0.448,0.852,0.631,0.431,0.588
FT+jointcHYB,"[1,8]",0.002,0.002,0.656,0.605,0.543,0.628,0.696,0.781,0.787,0.783,0.758,0.671,0.827,0.773,0.672,0.864,0.308,0.877,0.817,0.559,0.384
FT+UKB,"[1,1]",-0.002,-0.002,0.710,0.664,0.563,0.716,0.778,0.846,0.850,0.847,0.812,0.766,0.847,0.789,0.768,0.888,0.441,0.878,0.773,0.544,0.572
FT+UKB,"[2,1]",-0.005,-0.008,0.703,0.647,0.534,0.739,0.782,0.846,0.849,0.847,0.806,0.759,0.843,0.761,0.780,0.884,0.495,0.872,0.697,0.481,0.595
FT+UKB,"[1,2]",0.003,0.004,0.678,0.640,0.555,0.638,0.730,0.810,0.812,0.811,0.771,0.700,0.825,0.787,0.685,0.865,0.319,0.896,0.799,0.562,0.511
FT+UKB,"[8,1]",-0.001,-0.001,0.676,0.621,0.506,0.728,0.764,0.837,0.839,0.838,0.788,0.736,0.834,0.740,0.764,0.865,0.452,0.852,0.632,0.430,0.587
FT+UKB,"[1,8]",0.000,0.000,0.637,0.603,0.528,0.563,0.683,0.760,0.761,0.761,0.718,0.627,0.785,0.767,0.598,0.826,0.266,0.879,0.770,0.547,0.463
FT+LEXVEC,"[1,1]",-0.010,-0.013,0.666,0.607,0.498,0.738,0.769,0.836,0.837,0.836,0.779,0.724,0.835,0.738,0.755,0.825,0.469,0.826,0.610,0.397,0.574
FT+LEXVEC,"[2,1]",-0.001,-0.003,0.674,0.617,0.503,0.736,0.771,0.840,0.842,0.841,0.787,0.735,0.837,0.737,0.765,0.855,0.465,0.835,0.621,0.416,0.586
FT+LEXVEC,"[1,2]",-0.025,-0.028,0.647,0.588,0.487,0.728,0.755,0.822,0.821,0.821,0.757,0.698,0.821,0.732,0.728,0.785,0.460,0.808,0.596,0.371,0.551
FT+LEXVEC,"[8,1]",0.000,-0.001,0.674,0.619,0.503,0.728,0.763,0.836,0.839,0.837,0.786,0.734,0.834,0.737,0.763,0.862,0.451,0.852,0.624,0.425,0.587
FT+LEXVEC,"[1,8]",-0.011,-0.010,0.629,0.572,0.478,0.718,0.740,0.808,0.807,0.808,0.738,0.675,0.807,0.717,0.705,0.746,0.443,0.784,0.581,0.354,0.533
FT+SKE,"[1,1]",-0.010,-0.009,0.659,0.596,0.467,0.753,0.755,0.830,0.833,0.831,0.783,0.727,0.818,0.751,0.751,0.795,0.484,0.806,0.626,0.380,0.567
FT+SKE,"[2,1]",-0.001,-0.002,0.675,0.614,0.492,0.744,0.765,0.839,0.842,0.840,0.791,0.739,0.833,0.743,0.766,0.848,0.472,0.850,0.625,0.411,0.585
FT+SKE,"[1,2]",-0.012,-0.011,0.632,0.567,0.436,0.749,0.733,0.808,0.810,0.809,0.762,0.707,0.792,0.737,0.729,0.745,0.480,0.753,0.604,0.342,0.538
FT+SKE,"[8,1]",0.000,0.000,0.674,0.619,0.502,0.728,0.763,0.836,0.839,0.837,0.786,0.735,0.835,0.737,0.763,0.860,0.449,0.852,0.625,0.425,0.589
FT+SKE,"[1,8]",-0.001,-0.001,0.612,0.547,0.414,0.743,0.716,0.791,0.792,0.791,0.744,0.688,0.771,0.729,0.710,0.720,0.473,0.712,0.584,0.317,0.516
FT+PDC,"[1,1]",0.034,0.035,0.665,0.599,0.488,0.725,0.757,0.831,0.834,0.832,0.804,0.753,0.840,0.772,0.750,0.860,0.422,0.891,0.585,0.386,0.562
FT+PDC,"[2,1]",0.009,0.015,0.675,0.616,0.502,0.731,0.767,0.839,0.843,0.841,0.799,0.748,0.843,0.752,0.766,0.863,0.436,0.876,0.613,0.416,0.583
FT+PDC,"[1,2]",0.023,0.023,0.630,0.561,0.457,0.702,0.723,0.805,0.802,0.804,0.787,0.729,0.823,0.774,0.709,0.821,0.373,0.860,0.549,0.337,0.519
FT+PDC,"[8,1]",-0.002,-0.001,0.674,0.619,0.503,0.727,0.762,0.836,0.839,0.837,0.787,0.735,0.835,0.738,0.764,0.864,0.446,0.852,0.625,0.425,0.587
FT+PDC,"[1,8]",0.001,0.001,0.600,0.528,0.429,0.674,0.690,0.777,0.771,0.775,0.768,0.702,0.800,0.768,0.675,0.790,0.344,0.828,0.515,0.299,0.482
jointcHYB+UKB,"[1,1]",-0.005,-0.007,0.651,0.603,0.546,0.612,0.699,0.785,0.791,0.787,0.761,0.682,0.825,0.781,0.675,0.857,0.273,0.883,0.815,0.565,0.358
jointcHYB+UKB,"[2,1]",-0.001,-0.005,0.653,0.602,0.546,0.625,0.697,0.783,0.790,0.786,0.761,0.678,0.826,0.776,0.673,0.860,0.297,0.876,0.817,0.563,0.353
jointcHYB+UKB,"[1,2]",-0.022,-0.019,0.633,0.593,0.537,0.566,0.691,0.773,0.777,0.775,0.742,0.659,0.807,0.775,0.638,0.839,0.221,0.880,0.795,0.557,0.358
jointcHYB+UKB,"[8,1]",-0.003,-0.008,0.651,0.597,0.541,0.625,0.693,0.778,0.784,0.780,0.756,0.668,0.825,0.773,0.668,0.863,0.303,0.877,0.817,0.558,0.348
jointcHYB+UKB,"[1,8]",-0.008,-0.012,0.614,0.580,0.526,0.519,0.680,0.756,0.757,0.757,0.720,0.631,0.786,0.768,0.599,0.823,0.188,0.874,0.769,0.546,0.354
jointcHYB+LEXVEC,"[1,1]",0.033,0.030,0.691,0.637,0.552,0.713,0.778,0.836,0.843,0.838,0.789,0.724,0.849,0.778,0.738,0.864,0.423,0.858,0.762,0.510,0.508
jointcHYB+LEXVEC,"[2,1]",0.024,0.024,0.678,0.628,0.559,0.670,0.739,0.815,0.823,0.818,0.780,0.702,0.841,0.784,0.706,0.873,0.348,0.880,0.810,0.556,0.432
jointcHYB+LEXVEC,"[1,2]",0.000,-0.009,0.666,0.608,0.513,0.728,0.769,0.825,0.828,0.826,0.767,0.704,0.831,0.749,0.726,0.808,0.451,0.835,0.665,0.421,0.545
jointcHYB+LEXVEC,"[8,1]",0.002,0.002,0.656,0.605,0.543,0.628,0.696,0.781,0.787,0.783,0.758,0.671,0.826,0.773,0.671,0.865,0.309,0.877,0.818,0.558,0.386
jointcHYB+LEXVEC,"[1,8]",-0.058,-0.064,0.631,0.574,0.480,0.717,0.741,0.809,0.807,0.808,0.739,0.676,0.809,0.719,0.705,0.748,0.444,0.784,0.586,0.357,0.534
jointcHYB+SKE,"[1,1]",0.016,0.007,0.682,0.623,0.520,0.726,0.768,0.824,0.833,0.827,0.792,0.725,0.830,0.791,0.732,0.854,0.443,0.829,0.759,0.491,0.497
jointcHYB+SKE,"[2,1]",0.018,0.017,0.676,0.624,0.545,0.678,0.739,0.811,0.821,0.814,0.780,0.702,0.835,0.789,0.703,0.871,0.355,0.861,0.812,0.549,0.428
jointcHYB+SKE,"[1,2]",-0.032,-0.046,0.646,0.584,0.460,0.743,0.746,0.809,0.812,0.810,0.769,0.708,0.798,0.759,0.724,0.773,0.477,0.753,0.662,0.388,0.527
jointcHYB+SKE,"[8,1]",0.002,0.002,0.656,0.605,0.542,0.629,0.696,0.781,0.787,0.783,0.758,0.670,0.826,0.774,0.671,0.864,0.309,0.877,0.818,0.558,0.383
jointcHYB+SKE,"[1,8]",-0.022,-0.026,0.613,0.548,0.416,0.743,0.717,0.791,0.792,0.791,0.744,0.687,0.772,0.730,0.709,0.721,0.473,0.711,0.586,0.321,0.517
jointcHYB+PDC,"[1,1]",-0.004,-0.010,0.674,0.611,0.526,0.683,0.744,0.814,0.812,0.814,0.807,0.745,0.842,0.807,0.721,0.884,0.392,0.890,0.727,0.498,0.447
jointcHYB+PDC,"[2,1]",0.000,-0.002,0.667,0.613,0.545,0.656,0.721,0.801,0.804,0.802,0.788,0.715,0.840,0.796,0.704,0.879,0.331,0.874,0.798,0.549,0.395
jointcHYB+PDC,"[1,2]",-0.012,-0.018,0.641,0.571,0.474,0.684,0.728,0.799,0.793,0.797,0.793,0.732,0.825,0.794,0.701,0.842,0.398,0.859,0.609,0.389,0.479
jointcHYB+PDC,"[8,1]",0.000,-0.002,0.654,0.601,0.542,0.627,0.695,0.779,0.785,0.782,0.759,0.672,0.826,0.774,0.672,0.863,0.307,0.877,0.816,0.558,0.365
jointcHYB+PDC,"[1,8]",-0.002,-0.004,0.599,0.526,0.431,0.673,0.691,0.776,0.770,0.775,0.768,0.703,0.801,0.770,0.674,0.791,0.345,0.828,0.520,0.303,0.467
UKB+LEXVEC,"[1,1]",0.036,0.023,0.693,0.643,0.553,0.732,0.780,0.837,0.840,0.838,0.795,0.737,0.846,0.782,0.742,0.844,0.418,0.862,0.752,0.504,0.547
UKB+LEXVEC,"[2,1]",0.036,0.031,0.675,0.636,0.555,0.645,0.735,0.811,0.816,0.813,0.766,0.692,0.824,0.789,0.673,0.850,0.326,0.894,0.792,0.551,0.503
UKB+LEXVEC,"[1,2]",-0.025,-0.040,0.664,0.607,0.512,0.740,0.769,0.825,0.825,0.825,0.771,0.712,0.831,0.750,0.734,0.786,0.462,0.818,0.659,0.416,0.551
UKB+LEXVEC,"[8,1]",0.003,0.003,0.637,0.603,0.528,0.563,0.684,0.760,0.762,0.761,0.716,0.625,0.784,0.767,0.593,0.823,0.277,0.873,0.770,0.547,0.461
UKB+LEXVEC,"[1,8]",-0.026,-0.027,0.631,0.574,0.480,0.718,0.741,0.809,0.807,0.808,0.740,0.677,0.809,0.719,0.706,0.748,0.443,0.784,0.586,0.357,0.534
UKB+SKE,"[1,1]",0.005,-0.007,0.685,0.629,0.519,0.735,0.768,0.828,0.833,0.829,0.798,0.738,0.830,0.808,0.730,0.834,0.436,0.843,0.751,0.483,0.537
UKB+SKE,"[2,1]",0.018,0.013,0.670,0.631,0.540,0.651,0.735,0.811,0.816,0.813,0.769,0.696,0.818,0.805,0.671,0.850,0.289,0.887,0.791,0.544,0.495
UKB+SKE,"[1,2]",-0.023,-0.031,0.650,0.584,0.459,0.747,0.745,0.810,0.811,0.810,0.775,0.717,0.801,0.770,0.727,0.763,0.496,0.778,0.655,0.383,0.536
UKB+SKE,"[8,1]",0.002,0.002,0.631,0.601,0.527,0.550,0.683,0.761,0.762,0.762,0.721,0.632,0.784,0.779,0.596,0.823,0.235,0.874,0.772,0.546,0.452
UKB+SKE,"[1,8]",-0.004,-0.005,0.613,0.548,0.416,0.743,0.717,0.791,0.792,0.791,0.745,0.688,0.771,0.730,0.710,0.722,0.474,0.711,0.587,0.320,0.517
UKB+PDC,"[1,1]",0.024,0.030,0.675,0.618,0.530,0.683,0.743,0.816,0.811,0.815,0.810,0.760,0.831,0.820,0.724,0.853,0.395,0.904,0.709,0.494,0.494
UKB+PDC,"[2,1]",-0.019,-0.008,0.662,0.619,0.541,0.624,0.716,0.794,0.794,0.795,0.772,0.705,0.814,0.805,0.671,0.846,0.309,0.905,0.768,0.545,0.461
UKB+PDC,"[1,2]",0.024,0.025,0.640,0.571,0.476,0.688,0.724,0.799,0.792,0.797,0.794,0.738,0.819,0.796,0.705,0.816,0.413,0.860,0.593,0.383,0.492
UKB+PDC,"[8,1]",-0.008,-0.007,0.634,0.597,0.527,0.565,0.683,0.758,0.759,0.759,0.720,0.631,0.783,0.777,0.595,0.824,0.270,0.880,0.769,0.546,0.433
UKB+PDC,"[1,8]",0.001,0.001,0.599,0.526,0.431,0.674,0.691,0.776,0.770,0.775,0.768,0.703,0.799,0.770,0.675,0.791,0.346,0.828,0.520,0.303,0.467
LEXVEC+SKE,"[1,1]",0.011,0.015,0.632,0.569,0.453,0.749,0.742,0.810,0.811,0.810,0.756,0.702,0.797,0.733,0.726,0.741,0.474,0.758,0.591,0.342,0.537
LEXVEC+SKE,"[2,1]",0.005,0.009,0.634,0.573,0.469,0.734,0.744,0.812,0.812,0.812,0.749,0.690,0.807,0.724,0.718,0.752,0.457,0.780,0.588,0.350,0.538
LEXVEC+SKE,"[1,2]",0.009,0.009,0.622,0.557,0.430,0.748,0.727,0.800,0.801,0.800,0.750,0.694,0.782,0.730,0.719,0.731,0.478,0.730,0.592,0.328,0.526
LEXVEC+SKE,"[8,1]",-0.002,0.000,0.629,0.571,0.476,0.718,0.739,0.808,0.806,0.807,0.738,0.675,0.806,0.716,0.705,0.745,0.442,0.784,0.582,0.352,0.534
LEXVEC+SKE,"[1,8]",0.001,0.001,0.611,0.546,0.414,0.743,0.716,0.790,0.791,0.790,0.743,0.687,0.771,0.729,0.709,0.716,0.473,0.712,0.582,0.316,0.516
LEXVEC+PDC,"[1,1]",0.044,0.044,0.646,0.575,0.476,0.727,0.753,0.819,0.820,0.820,0.790,0.737,0.831,0.767,0.735,0.822,0.439,0.851,0.556,0.347,0.530
LEXVEC+PDC,"[2,1]",0.026,0.034,0.641,0.577,0.479,0.726,0.751,0.817,0.817,0.817,0.766,0.711,0.821,0.744,0.729,0.776,0.450,0.824,0.577,0.354,0.535
LEXVEC+PDC,"[1,2]",0.028,0.026,0.627,0.553,0.453,0.704,0.726,0.801,0.799,0.801,0.786,0.729,0.820,0.773,0.708,0.821,0.389,0.859,0.532,0.323,0.505
LEXVEC+PDC,"[8,1]",-0.019,-0.009,0.629,0.571,0.477,0.718,0.739,0.808,0.807,0.807,0.739,0.676,0.807,0.718,0.705,0.748,0.441,0.784,0.579,0.352,0.530
LEXVEC+PDC,"[1,8]",0.001,0.001,0.599,0.527,0.429,0.675,0.691,0.777,0.771,0.775,0.767,0.703,0.799,0.768,0.675,0.790,0.345,0.832,0.513,0.298,0.478
SKE+PDC,"[1,1]",0.022,0.020,0.637,0.560,0.439,0.743,0.734,0.808,0.810,0.808,0.786,0.734,0.811,0.773,0.722,0.795,0.455,0.828,0.568,0.326,0.521
SKE+PDC,"[2,1]",-0.011,-0.001,0.623,0.555,0.426,0.748,0.726,0.800,0.802,0.801,0.766,0.712,0.789,0.752,0.721,0.741,0.474,0.752,0.582,0.322,0.521
SKE+PDC,"[1,2]",0.021,0.018,0.624,0.548,0.437,0.715,0.719,0.797,0.796,0.797,0.784,0.727,0.812,0.775,0.701,0.818,0.396,0.835,0.540,0.315,0.504
SKE+PDC,"[8,1]",-0.005,-0.004,0.611,0.546,0.413,0.743,0.715,0.790,0.791,0.790,0.745,0.688,0.772,0.731,0.709,0.716,0.471,0.712,0.581,0.316,0.515
SKE+PDC,"[1,8]",0.002,0.002,0.599,0.527,0.428,0.676,0.690,0.776,0.771,0.775,0.767,0.703,0.798,0.767,0.674,0.790,0.346,0.829,0.514,0.298,0.481
GLOVE+W2V+FT,[1 1 1],-0.010,-0.012,0.659,0.599,0.478,0.739,0.751,0.833,0.833,0.833,0.782,0.735,0.829,0.746,0.747,0.815,0.469,0.824,0.610,0.390,0.562
GLOVE+W2V+jointcHYB,[1 1 1],,,0.689,0.626,0.520,0.728,0.771,0.838,0.842,0.840,0.796,0.743,0.843,0.780,0.740,0.870,0.479,0.859,0.719,0.470,0.526
GLOVE+W2V+UKB,[1 1 1],,,0.696,0.630,0.519,0.749,0.769,0.840,0.840,0.840,0.798,0.750,0.841,0.784,0.741,0.857,0.511,0.873,0.718,0.464,0.554
GLOVE+W2V+LEXVEC,[1 1 1],,,0.645,0.584,0.472,0.736,0.745,0.823,0.822,0.823,0.766,0.715,0.823,0.739,0.728,0.787,0.466,0.799,0.587,0.367,0.546
GLOVE+W2V+SKE,[1 1 1],,,0.642,0.577,0.451,0.748,0.735,0.817,0.816,0.817,0.770,0.722,0.811,0.750,0.727,0.769,0.479,0.795,0.598,0.356,0.545
GLOVE+W2V+PDC,[1 1 1],,,0.652,0.581,0.464,0.736,0.741,0.824,0.824,0.824,0.787,0.742,0.828,0.762,0.730,0.826,0.457,0.856,0.581,0.359,0.537
GLOVE+FT+jointcHYB,[1 1 1],,,0.700,0.642,0.538,0.731,0.790,0.855,0.861,0.857,0.817,0.765,0.854,0.794,0.773,0.882,0.452,0.856,0.747,0.485,0.545
GLOVE+FT+UKB,[1 1 1],,,0.706,0.647,0.538,0.750,0.790,0.857,0.860,0.858,0.822,0.779,0.856,0.797,0.781,0.873,0.485,0.862,0.740,0.480,0.573
GLOVE+FT+LEXVEC,[1 1 1],,,0.660,0.600,0.486,0.739,0.767,0.840,0.841,0.840,0.791,0.744,0.839,0.754,0.765,0.797,0.457,0.825,0.610,0.380,0.565
GLOVE+FT+SKE,[1 1 1],,,0.656,0.593,0.466,0.748,0.755,0.835,0.836,0.835,0.790,0.742,0.824,0.760,0.752,0.787,0.463,0.821,0.616,0.369,0.563
GLOVE+FT+PDC,[1 1 1],,,0.665,0.599,0.483,0.739,0.764,0.843,0.845,0.844,0.812,0.766,0.846,0.780,0.764,0.846,0.434,0.866,0.597,0.376,0.560
GLOVE+jointcHYB+UKB,[1 1 1],,,0.699,0.647,0.555,0.721,0.769,0.845,0.851,0.847,0.813,0.753,0.856,0.810,0.748,0.876,0.390,0.872,0.811,0.534,0.504
GLOVE+jointcHYB+LEXVEC,[1 1 1],,,0.688,0.627,0.528,0.728,0.786,0.844,0.849,0.846,0.801,0.745,0.848,0.787,0.753,0.849,0.448,0.856,0.728,0.458,0.536
GLOVE+jointcHYB+SKE,[1 1 1],,,0.681,0.618,0.507,0.734,0.775,0.836,0.842,0.838,0.800,0.741,0.838,0.795,0.745,0.835,0.466,0.835,0.724,0.446,0.530
GLOVE+jointcHYB+PDC,[1 1 1],,,0.688,0.622,0.521,0.722,0.776,0.842,0.847,0.844,0.821,0.768,0.854,0.813,0.754,0.877,0.434,0.880,0.714,0.457,0.519
GLOVE+UKB+LEXVEC,[1 1 1],,,0.692,0.630,0.527,0.752,0.786,0.846,0.847,0.846,0.808,0.760,0.851,0.789,0.763,0.832,0.474,0.854,0.724,0.452,0.556
GLOVE+UKB+SKE,[1 1 1],,,0.686,0.621,0.506,0.754,0.775,0.839,0.841,0.840,0.807,0.756,0.837,0.803,0.748,0.819,0.486,0.845,0.720,0.439,0.554
GLOVE+UKB+PDC,[1 1 1],,,0.695,0.628,0.522,0.739,0.775,0.846,0.847,0.847,0.828,0.787,0.854,0.820,0.764,0.867,0.466,0.896,0.707,0.452,0.547
GLOVE+LEXVEC+SKE,[1 1 1],,,0.638,0.576,0.457,0.744,0.747,0.821,0.822,0.821,0.773,0.725,0.812,0.752,0.738,0.749,0.459,0.778,0.597,0.345,0.545
GLOVE+LEXVEC+PDC,[1 1 1],,,0.653,0.583,0.474,0.735,0.759,0.831,0.832,0.832,0.799,0.753,0.837,0.775,0.751,0.809,0.444,0.850,0.586,0.351,0.543
GLOVE+SKE+PDC,[1 1 1],,,0.644,0.574,0.453,0.747,0.746,0.824,0.825,0.825,0.797,0.750,0.823,0.783,0.739,0.780,0.447,0.817,0.591,0.338,0.539
W2V+FT+jointcHYB,[1 1 1],,,0.698,0.642,0.537,0.723,0.772,0.838,0.844,0.840,0.790,0.737,0.841,0.755,0.744,0.888,0.479,0.873,0.733,0.506,0.543
W2V+FT+UKB,[1 1 1],,,0.705,0.645,0.535,0.742,0.769,0.837,0.840,0.838,0.791,0.745,0.835,0.758,0.746,0.881,0.512,0.891,0.728,0.501,0.570
W2V+FT+LEXVEC,[1 1 1],,,0.660,0.600,0.486,0.742,0.753,0.826,0.826,0.826,0.762,0.710,0.824,0.718,0.734,0.815,0.491,0.823,0.597,0.396,0.568
W2V+FT+SKE,[1 1 1],,,0.659,0.593,0.466,0.751,0.742,0.822,0.822,0.822,0.769,0.719,0.811,0.727,0.738,0.815,0.496,0.827,0.609,0.385,0.563
W2V+FT+PDC,[1 1 1],,,0.660,0.595,0.479,0.732,0.743,0.823,0.825,0.824,0.781,0.730,0.831,0.741,0.738,0.844,0.460,0.871,0.580,0.389,0.558
W2V+jointcHYB+UKB,[1 1 1],,,0.692,0.642,0.554,0.707,0.747,0.823,0.829,0.825,0.786,0.723,0.841,0.779,0.711,0.877,0.411,0.876,0.794,0.554,0.486
W2V+jointcHYB+LEXVEC,[1 1 1],,,0.689,0.628,0.529,0.725,0.771,0.831,0.837,0.833,0.780,0.717,0.842,0.760,0.729,0.875,0.477,0.863,0.719,0.480,0.530
W2V+jointcHYB+SKE,[1 1 1],,,0.683,0.620,0.510,0.735,0.762,0.824,0.829,0.826,0.784,0.722,0.831,0.767,0.729,0.858,0.488,0.835,0.721,0.468,0.523
W2V+jointcHYB+PDC,[1 1 1],,,0.683,0.618,0.518,0.711,0.755,0.823,0.826,0.824,0.795,0.737,0.843,0.778,0.724,0.878,0.467,0.887,0.702,0.476,0.503
W2V+UKB+LEXVEC,[1 1 1],,,0.694,0.631,0.530,0.746,0.770,0.831,0.833,0.832,0.781,0.721,0.839,0.761,0.729,0.853,0.508,0.874,0.708,0.474,0.553
W2V+UKB+SKE,[1 1 1],,,0.689,0.623,0.507,0.751,0.761,0.825,0.827,0.826,0.787,0.730,0.828,0.772,0.730,0.849,0.524,0.854,0.715,0.462,0.548
W2V+UKB+PDC,[1 1 1],,,0.685,0.621,0.518,0.723,0.752,0.823,0.824,0.824,0.796,0.743,0.835,0.782,0.728,0.862,0.483,0.890,0.689,0.471,0.531
W2V+LEXVEC+SKE,[1 1 1],,,0.642,0.578,0.459,0.751,0.738,0.811,0.811,0.811,0.755,0.699,0.808,0.726,0.720,0.775,0.495,0.791,0.582,0.361,0.547
W2V+LEXVEC+PDC,[1 1 1],,,0.649,0.581,0.472,0.733,0.743,0.817,0.817,0.817,0.773,0.722,0.824,0.740,0.725,0.817,0.476,0.838,0.565,0.364,0.539
W2V+SKE+PDC,[1 1 1],,,0.645,0.572,0.451,0.746,0.732,0.809,0.810,0.810,0.776,0.723,0.813,0.748,0.719,0.800,0.476,0.843,0.576,0.352,0.535
FT+jointcHYB+UKB,[1 1 1],,,0.707,0.661,0.571,0.710,0.765,0.840,0.846,0.842,0.810,0.754,0.854,0.795,0.756,0.892,0.399,0.883,0.810,0.568,0.523
FT+jointcHYB+LEXVEC,[1 1 1],,,0.702,0.647,0.548,0.728,0.795,0.850,0.856,0.852,0.805,0.748,0.856,0.778,0.766,0.884,0.459,0.858,0.745,0.497,0.554
FT+jointcHYB+SKE,[1 1 1],,,0.697,0.639,0.528,0.738,0.785,0.844,0.851,0.846,0.806,0.748,0.842,0.791,0.758,0.870,0.474,0.848,0.740,0.486,0.547
FT+jointcHYB+PDC,[1 1 1],,,0.699,0.640,0.539,0.717,0.779,0.843,0.847,0.844,0.820,0.767,0.854,0.802,0.759,0.898,0.448,0.889,0.717,0.496,0.535
FT+UKB+LEXVEC,[1 1 1],,,0.709,0.651,0.548,0.753,0.795,0.851,0.853,0.851,0.812,0.764,0.854,0.778,0.777,0.871,0.492,0.868,0.733,0.491,0.580
FT+UKB+SKE,[1 1 1],,,0.703,0.644,0.528,0.758,0.785,0.846,0.850,0.847,0.814,0.762,0.842,0.794,0.768,0.862,0.498,0.850,0.735,0.480,0.577
FT+UKB+PDC,[1 1 1],,,0.705,0.646,0.542,0.732,0.779,0.845,0.846,0.845,0.828,0.786,0.851,0.805,0.775,0.879,0.474,0.902,0.707,0.492,0.569
FT+LEXVEC+SKE,[1 1 1],,,0.658,0.595,0.476,0.754,0.761,0.830,0.832,0.831,0.779,0.726,0.822,0.742,0.755,0.789,0.485,0.805,0.612,0.376,0.566
FT+LEXVEC+PDC,[1 1 1],,,0.669,0.602,0.493,0.739,0.770,0.837,0.839,0.837,0.800,0.751,0.844,0.763,0.759,0.846,0.460,0.875,0.590,0.383,0.565
FT+SKE+PDC,[1 1 1],,,0.664,0.593,0.470,0.749,0.758,0.831,0.834,0.832,0.803,0.753,0.832,0.772,0.754,0.832,0.469,0.865,0.599,0.370,0.560
jointcHYB+UKB+LEXVEC,[1 1 1],,,0.691,0.644,0.565,0.707,0.768,0.836,0.843,0.838,0.800,0.737,0.854,0.792,0.740,0.861,0.364,0.874,0.796,0.546,0.482
jointcHYB+UKB+SKE,[1 1 1],,,0.688,0.635,0.542,0.715,0.766,0.829,0.837,0.832,0.801,0.737,0.843,0.802,0.733,0.861,0.371,0.869,0.797,0.533,0.476
jointcHYB+UKB+PDC,[1 1 1],,,0.677,0.624,0.547,0.675,0.742,0.817,0.818,0.818,0.811,0.755,0.844,0.812,0.734,0.872,0.349,0.890,0.765,0.539,0.435
jointcHYB+LEXVEC+SKE,[1 1 1],,,0.684,0.622,0.517,0.741,0.779,0.832,0.839,0.834,0.791,0.729,0.836,0.777,0.744,0.837,0.470,0.838,0.725,0.457,0.535
jointcHYB+LEXVEC+PDC,[1 1 1],,,0.689,0.626,0.531,0.719,0.780,0.836,0.840,0.838,0.812,0.755,0.853,0.799,0.748,0.879,0.446,0.883,0.706,0.468,0.523
jointcHYB+SKE+PDC,[1 1 1],,,0.684,0.615,0.509,0.730,0.769,0.827,0.832,0.829,0.810,0.753,0.838,0.807,0.743,0.866,0.461,0.872,0.708,0.454,0.515
UKB+LEXVEC+SKE,[1 1 1],,,0.687,0.625,0.516,0.758,0.780,0.834,0.837,0.835,0.797,0.740,0.836,0.783,0.748,0.814,0.492,0.837,0.719,0.450,0.558
UKB+LEXVEC+PDC,[1 1 1],,,0.697,0.631,0.535,0.741,0.781,0.839,0.840,0.839,0.821,0.776,0.855,0.804,0.762,0.864,0.472,0.899,0.701,0.463,0.548
UKB+SKE+PDC,[1 1 1],,,0.687,0.619,0.511,0.746,0.769,0.831,0.833,0.832,0.820,0.770,0.838,0.818,0.751,0.853,0.472,0.863,0.701,0.449,0.538
LEXVEC+SKE+PDC,[1 1 1],,,0.645,0.575,0.462,0.749,0.751,0.819,0.822,0.820,0.788,0.737,0.821,0.765,0.738,0.786,0.463,0.817,0.582,0.343,0.538
GLOVE+W2V+FT+jointcHYB,[1 1 1 1],,,0.696,0.633,0.523,0.734,0.779,0.845,0.850,0.847,0.803,0.752,0.847,0.776,0.758,0.878,0.488,0.873,0.712,0.467,0.552
GLOVE+W2V+FT+UKB,[1 1 1 1],,,0.700,0.636,0.521,0.756,0.778,0.846,0.848,0.847,0.805,0.761,0.847,0.773,0.765,0.866,0.518,0.875,0.705,0.462,0.572
GLOVE+W2V+FT+LEXVEC,[1 1 1 1],,,0.658,0.598,0.482,0.743,0.757,0.833,0.833,0.833,0.780,0.731,0.831,0.742,0.746,0.806,0.474,0.815,0.602,0.385,0.563
GLOVE+W2V+FT+SKE,[1 1 1 1],,,0.658,0.593,0.467,0.751,0.748,0.829,0.829,0.829,0.783,0.735,0.823,0.751,0.746,0.801,0.485,0.819,0.611,0.377,0.562
GLOVE+W2V+FT+PDC,[1 1 1 1],,,0.666,0.597,0.478,0.741,0.754,0.834,0.835,0.835,0.797,0.751,0.835,0.761,0.752,0.837,0.469,0.877,0.600,0.382,0.558
GLOVE+W2V+jointcHYB+UKB,[1 1 1 1],,,0.704,0.645,0.544,0.738,0.774,0.843,0.848,0.845,0.807,0.754,0.850,0.791,0.752,0.876,0.470,0.873,0.775,0.514,0.530
GLOVE+W2V+jointcHYB+LEXVEC,[1 1 1 1],,,0.686,0.622,0.516,0.734,0.777,0.838,0.842,0.839,0.792,0.740,0.843,0.769,0.747,0.859,0.491,0.853,0.695,0.447,0.545
GLOVE+W2V+jointcHYB+SKE,[1 1 1 1],,,0.679,0.615,0.500,0.740,0.768,0.833,0.836,0.834,0.793,0.740,0.834,0.778,0.743,0.839,0.496,0.830,0.693,0.439,0.540
GLOVE+W2V+jointcHYB+PDC,[1 1 1 1],,,0.688,0.619,0.511,0.732,0.770,0.837,0.840,0.838,0.808,0.758,0.848,0.792,0.747,0.873,0.482,0.885,0.693,0.446,0.534
GLOVE+W2V+UKB+LEXVEC,[1 1 1 1],,,0.689,0.624,0.516,0.756,0.776,0.839,0.840,0.839,0.794,0.745,0.841,0.774,0.747,0.839,0.512,0.850,0.694,0.442,0.560
GLOVE+W2V+UKB+SKE,[1 1 1 1],,,0.683,0.617,0.500,0.759,0.767,0.834,0.834,0.834,0.795,0.746,0.832,0.785,0.742,0.827,0.518,0.835,0.693,0.433,0.557
GLOVE+W2V+UKB+PDC,[1 1 1 1],,,0.692,0.622,0.511,0.751,0.769,0.839,0.839,0.839,0.811,0.767,0.844,0.798,0.751,0.861,0.505,0.890,0.678,0.441,0.553
GLOVE+W2V+LEXVEC+SKE,[1 1 1 1],,,0.645,0.581,0.461,0.749,0.744,0.820,0.820,0.820,0.771,0.720,0.818,0.746,0.733,0.775,0.478,0.799,0.591,0.359,0.550
GLOVE+W2V+LEXVEC+PDC,[1 1 1 1],,,0.654,0.586,0.473,0.741,0.753,0.827,0.827,0.827,0.787,0.740,0.832,0.758,0.741,0.816,0.469,0.841,0.581,0.363,0.546
GLOVE+W2V+SKE+PDC,[1 1 1 1],,,0.649,0.579,0.457,0.749,0.742,0.822,0.822,0.822,0.787,0.740,0.821,0.762,0.735,0.801,0.473,0.822,0.589,0.354,0.544
GLOVE+FT+jointcHYB+UKB,[1 1 1 1],,,0.713,0.657,0.557,0.739,0.788,0.855,0.861,0.858,0.824,0.775,0.861,0.803,0.778,0.894,0.446,0.874,0.794,0.525,0.542
GLOVE+FT+jointcHYB+LEXVEC,[1 1 1 1],,,0.694,0.634,0.529,0.736,0.791,0.851,0.856,0.852,0.809,0.757,0.853,0.781,0.771,0.859,0.470,0.852,0.716,0.458,0.559
GLOVE+FT+jointcHYB+SKE,[1 1 1 1],,,0.690,0.628,0.513,0.741,0.783,0.846,0.851,0.848,0.808,0.754,0.845,0.794,0.762,0.850,0.479,0.855,0.709,0.450,0.554
GLOVE+FT+jointcHYB+PDC,[1 1 1 1],,,0.697,0.632,0.525,0.732,0.786,0.851,0.855,0.852,0.824,0.774,0.857,0.802,0.772,0.888,0.458,0.888,0.703,0.459,0.549
GLOVE+FT+UKB+LEXVEC,[1 1 1 1],,,0.699,0.636,0.528,0.758,0.792,0.852,0.854,0.852,0.814,0.770,0.854,0.783,0.780,0.860,0.499,0.851,0.709,0.453,0.574
GLOVE+FT+UKB+SKE,[1 1 1 1],,,0.694,0.630,0.513,0.760,0.783,0.847,0.850,0.849,0.814,0.767,0.845,0.795,0.770,0.840,0.493,0.855,0.707,0.444,0.572
GLOVE+FT+UKB+PDC,[1 1 1 1],,,0.702,0.636,0.526,0.750,0.786,0.852,0.855,0.854,0.830,0.789,0.858,0.808,0.782,0.881,0.486,0.889,0.695,0.455,0.569
GLOVE+FT+LEXVEC+SKE,[1 1 1 1],,,0.655,0.593,0.472,0.750,0.760,0.833,0.834,0.834,0.786,0.736,0.828,0.753,0.757,0.782,0.473,0.807,0.611,0.369,0.564
GLOVE+FT+LEXVEC+PDC,[1 1 1 1],,,0.665,0.599,0.487,0.741,0.770,0.840,0.842,0.841,0.805,0.759,0.845,0.772,0.765,0.830,0.452,0.857,0.600,0.375,0.562
GLOVE+FT+SKE+PDC,[1 1 1 1],,,0.661,0.593,0.470,0.749,0.760,0.836,0.838,0.837,0.805,0.757,0.836,0.779,0.759,0.813,0.459,0.851,0.601,0.365,0.560
GLOVE+jointcHYB+UKB+LEXVEC,[1 1 1 1],,,0.703,0.646,0.550,0.742,0.787,0.849,0.854,0.850,0.814,0.761,0.857,0.799,0.764,0.867,0.448,0.856,0.776,0.504,0.536
GLOVE+jointcHYB+UKB+SKE,[1 1 1 1],,,0.698,0.639,0.534,0.743,0.780,0.843,0.849,0.845,0.812,0.755,0.848,0.807,0.755,0.856,0.452,0.856,0.773,0.495,0.531
GLOVE+jointcHYB+UKB+PDC,[1 1 1 1],,,0.700,0.641,0.544,0.729,0.775,0.845,0.849,0.847,0.829,0.781,0.857,0.820,0.768,0.882,0.425,0.881,0.763,0.505,0.522
GLOVE+jointcHYB+LEXVEC+SKE,[1 1 1 1],,,0.678,0.615,0.505,0.739,0.778,0.836,0.841,0.838,0.795,0.740,0.837,0.783,0.747,0.824,0.477,0.838,0.695,0.429,0.544
GLOVE+jointcHYB+LEXVEC+PDC,[1 1 1 1],,,0.687,0.621,0.518,0.733,0.784,0.843,0.847,0.844,0.814,0.764,0.852,0.799,0.760,0.859,0.463,0.862,0.699,0.438,0.541
GLOVE+jointcHYB+SKE+PDC,[1 1 1 1],,,0.682,0.613,0.502,0.737,0.774,0.837,0.841,0.838,0.813,0.761,0.842,0.806,0.753,0.851,0.469,0.857,0.692,0.428,0.535
GLOVE+UKB+LEXVEC+SKE,[1 1 1 1],,,0.682,0.617,0.504,0.759,0.778,0.838,0.840,0.839,0.803,0.754,0.839,0.786,0.757,0.812,0.492,0.841,0.693,0.423,0.559
GLOVE+UKB+LEXVEC+PDC,[1 1 1 1],,,0.692,0.624,0.519,0.754,0.784,0.845,0.846,0.846,0.823,0.781,0.853,0.803,0.771,0.854,0.490,0.868,0.688,0.433,0.556
GLOVE+UKB+SKE+PDC,[1 1 1 1],,,0.687,0.616,0.502,0.758,0.774,0.839,0.841,0.840,0.820,0.775,0.843,0.815,0.761,0.844,0.488,0.867,0.686,0.423,0.553
GLOVE+LEXVEC+SKE+PDC,[1 1 1 1],,,0.648,0.580,0.464,0.747,0.755,0.826,0.828,0.827,0.794,0.748,0.826,0.770,0.746,0.784,0.461,0.817,0.591,0.346,0.546
W2V+FT+jointcHYB+UKB,[1 1 1 1],,,0.708,0.655,0.556,0.730,0.772,0.841,0.847,0.843,0.802,0.753,0.848,0.776,0.752,0.889,0.464,0.877,0.779,0.541,0.539
W2V+FT+jointcHYB+LEXVEC,[1 1 1 1],,,0.695,0.636,0.529,0.735,0.782,0.840,0.845,0.842,0.790,0.735,0.845,0.756,0.747,0.876,0.488,0.869,0.702,0.475,0.559
W2V+FT+jointcHYB+SKE,[1 1 1 1],,,0.693,0.629,0.514,0.741,0.774,0.836,0.841,0.838,0.794,0.739,0.837,0.766,0.747,0.874,0.494,0.867,0.705,0.466,0.554
W2V+FT+jointcHYB+PDC,[1 1 1 1],,,0.694,0.631,0.523,0.726,0.773,0.837,0.841,0.838,0.804,0.751,0.847,0.775,0.748,0.878,0.483,0.892,0.691,0.474,0.549
W2V+FT+UKB+LEXVEC,[1 1 1 1],,,0.701,0.637,0.528,0.759,0.780,0.840,0.843,0.841,0.792,0.744,0.842,0.754,0.754,0.866,0.526,0.880,0.698,0.469,0.574
W2V+FT+UKB+SKE,[1 1 1 1],,,0.697,0.631,0.513,0.759,0.773,0.837,0.839,0.838,0.796,0.747,0.833,0.770,0.752,0.856,0.532,0.865,0.699,0.461,0.570
W2V+FT+UKB+PDC,[1 1 1 1],,,0.698,0.634,0.523,0.744,0.770,0.837,0.839,0.838,0.806,0.762,0.842,0.774,0.755,0.874,0.511,0.898,0.683,0.469,0.566
W2V+FT+LEXVEC+SKE,[1 1 1 1],,,0.659,0.595,0.473,0.753,0.752,0.825,0.826,0.825,0.772,0.721,0.820,0.734,0.741,0.805,0.498,0.817,0.601,0.381,0.565
W2V+FT+LEXVEC+PDC,[1 1 1 1],,,0.665,0.598,0.485,0.742,0.758,0.829,0.831,0.829,0.784,0.735,0.835,0.744,0.744,0.831,0.478,0.872,0.588,0.386,0.563
W2V+FT+SKE+PDC,[1 1 1 1],,,0.662,0.592,0.468,0.750,0.748,0.825,0.826,0.826,0.788,0.738,0.825,0.752,0.742,0.836,0.481,0.849,0.599,0.377,0.559
W2V+jointcHYB+UKB+LEXVEC,[1 1 1 1],,,0.702,0.646,0.552,0.737,0.774,0.837,0.843,0.839,0.795,0.734,0.850,0.779,0.737,0.876,0.454,0.880,0.766,0.522,0.530
W2V+jointcHYB+UKB+SKE,[1 1 1 1],,,0.699,0.640,0.535,0.738,0.769,0.832,0.838,0.834,0.799,0.739,0.842,0.788,0.739,0.872,0.469,0.866,0.767,0.514,0.525
W2V+jointcHYB+UKB+PDC,[1 1 1 1],,,0.695,0.637,0.542,0.721,0.759,0.829,0.832,0.830,0.807,0.754,0.847,0.792,0.738,0.883,0.437,0.888,0.750,0.521,0.506
W2V+jointcHYB+LEXVEC+SKE,[1 1 1 1],,,0.681,0.617,0.508,0.743,0.770,0.828,0.833,0.830,0.782,0.723,0.832,0.760,0.736,0.846,0.501,0.829,0.692,0.446,0.542
W2V+jointcHYB+LEXVEC+PDC,[1 1 1 1],,,0.688,0.621,0.518,0.729,0.772,0.832,0.836,0.833,0.797,0.743,0.848,0.774,0.739,0.878,0.485,0.879,0.683,0.454,0.535
W2V+jointcHYB+SKE+PDC,[1 1 1 1],,,0.682,0.613,0.502,0.737,0.764,0.826,0.830,0.828,0.799,0.743,0.837,0.780,0.737,0.864,0.494,0.853,0.685,0.444,0.529
W2V+UKB+LEXVEC+SKE,[1 1 1 1],,,0.685,0.619,0.507,0.759,0.769,0.829,0.831,0.830,0.786,0.729,0.831,0.766,0.737,0.829,0.531,0.839,0.694,0.440,0.557
W2V+UKB+LEXVEC+PDC,[1 1 1 1],,,0.690,0.623,0.519,0.748,0.770,0.833,0.834,0.834,0.802,0.751,0.845,0.778,0.748,0.859,0.512,0.873,0.673,0.448,0.551
W2V+UKB+SKE+PDC,[1 1 1 1],,,0.687,0.616,0.502,0.756,0.763,0.828,0.829,0.828,0.804,0.753,0.836,0.790,0.745,0.853,0.520,0.867,0.681,0.439,0.546
W2V+LEXVEC+SKE+PDC,[1 1 1 1],,,0.650,0.580,0.463,0.750,0.745,0.817,0.819,0.818,0.778,0.728,0.817,0.748,0.732,0.807,0.482,0.826,0.580,0.358,0.545
FT+jointcHYB+UKB+LEXVEC,[1 1 1 1],,,0.712,0.661,0.564,0.739,0.789,0.851,0.856,0.853,0.817,0.764,0.860,0.790,0.776,0.885,0.443,0.872,0.783,0.534,0.553
FT+jointcHYB+UKB+SKE,[1 1 1 1],,,0.710,0.655,0.548,0.743,0.785,0.846,0.853,0.849,0.815,0.760,0.850,0.797,0.765,0.881,0.460,0.870,0.782,0.526,0.550
FT+jointcHYB+UKB+PDC,[1 1 1 1],,,0.706,0.654,0.557,0.722,0.775,0.843,0.847,0.845,0.827,0.780,0.854,0.811,0.770,0.892,0.431,0.889,0.761,0.534,0.537
FT+jointcHYB+LEXVEC+SKE,[1 1 1 1],,,0.692,0.631,0.521,0.745,0.787,0.843,0.849,0.845,0.800,0.742,0.842,0.778,0.758,0.854,0.487,0.849,0.710,0.458,0.559
FT+jointcHYB+LEXVEC+PDC,[1 1 1 1],,,0.698,0.636,0.534,0.731,0.791,0.847,0.851,0.848,0.815,0.764,0.855,0.790,0.765,0.884,0.465,0.885,0.698,0.467,0.555
FT+jointcHYB+SKE+PDC,[1 1 1 1],,,0.696,0.629,0.517,0.739,0.782,0.841,0.847,0.843,0.816,0.762,0.848,0.800,0.761,0.882,0.479,0.891,0.697,0.458,0.550
FT+UKB+LEXVEC+SKE,[1 1 1 1],,,0.697,0.634,0.521,0.761,0.788,0.844,0.847,0.845,0.808,0.757,0.844,0.781,0.771,0.847,0.509,0.847,0.709,0.452,0.577
FT+UKB+LEXVEC+PDC,[1 1 1 1],,,0.705,0.639,0.535,0.752,0.791,0.848,0.850,0.849,0.824,0.780,0.856,0.793,0.778,0.877,0.502,0.893,0.690,0.463,0.575
FT+UKB+SKE+PDC,[1 1 1 1],,,0.700,0.632,0.518,0.760,0.782,0.843,0.847,0.845,0.823,0.776,0.846,0.806,0.772,0.868,0.502,0.883,0.691,0.453,0.571
FT+LEXVEC+SKE+PDC,[1 1 1 1],,,0.663,0.595,0.478,0.752,0.764,0.832,0.835,0.833,0.797,0.748,0.832,0.764,0.759,0.820,0.473,0.840,0.601,0.370,0.562
jointcHYB+UKB+LEXVEC+SKE,[1 1 1 1],,,0.693,0.639,0.542,0.734,0.783,0.839,0.846,0.841,0.805,0.745,0.846,0.796,0.753,0.854,0.415,0.856,0.766,0.505,0.518
jointcHYB+UKB+LEXVEC+PDC,[1 1 1 1],,,0.694,0.640,0.553,0.722,0.778,0.840,0.844,0.841,0.822,0.771,0.856,0.809,0.765,0.877,0.390,0.883,0.749,0.514,0.505
jointcHYB+UKB+SKE+PDC,[1 1 1 1],,,0.690,0.632,0.534,0.728,0.771,0.833,0.838,0.835,0.819,0.766,0.845,0.815,0.754,0.873,0.403,0.871,0.752,0.504,0.499
jointcHYB+LEXVEC+SKE+PDC,[1 1 1 1],,,0.683,0.616,0.510,0.743,0.779,0.833,0.839,0.835,0.807,0.753,0.842,0.793,0.752,0.851,0.474,0.850,0.688,0.436,0.537
UKB+LEXVEC+SKE+PDC,[1 1 1 1],,,0.689,0.619,0.511,0.760,0.779,0.835,0.839,0.837,0.815,0.767,0.844,0.800,0.763,0.844,0.502,0.860,0.685,0.430,0.553
GLOVE+W2V+FT+jointcHYB+UKB,[1 1 1 1 1],,,0.710,0.650,0.543,0.747,0.784,0.850,0.854,0.851,0.813,0.765,0.854,0.787,0.768,0.884,0.498,0.877,0.759,0.506,0.552
GLOVE+W2V+FT+jointcHYB+LEXVEC,[1 1 1 1 1],,,0.690,0.627,0.517,0.739,0.782,0.844,0.848,0.845,0.799,0.747,0.846,0.769,0.759,0.866,0.491,0.857,0.687,0.448,0.560
GLOVE+W2V+FT+jointcHYB+SKE,[1 1 1 1 1],,,0.686,0.623,0.505,0.745,0.774,0.840,0.844,0.841,0.800,0.749,0.838,0.774,0.757,0.851,0.501,0.844,0.686,0.442,0.556
GLOVE+W2V+FT+jointcHYB+PDC,[1 1 1 1 1],,,0.693,0.626,0.514,0.736,0.777,0.844,0.847,0.845,0.811,0.762,0.850,0.786,0.762,0.880,0.489,0.887,0.684,0.448,0.553
GLOVE+W2V+FT+UKB+LEXVEC,[1 1 1 1 1],,,0.694,0.629,0.517,0.759,0.781,0.844,0.846,0.845,0.801,0.756,0.846,0.769,0.764,0.852,0.523,0.855,0.684,0.444,0.573
GLOVE+W2V+FT+UKB+SKE,[1 1 1 1 1],,,0.690,0.624,0.504,0.760,0.774,0.841,0.842,0.841,0.803,0.757,0.839,0.779,0.761,0.845,0.518,0.853,0.685,0.437,0.570
GLOVE+W2V+FT+UKB+PDC,[1 1 1 1 1],,,0.697,0.628,0.514,0.754,0.776,0.844,0.846,0.845,0.814,0.771,0.849,0.788,0.768,0.869,0.509,0.890,0.678,0.444,0.568
GLOVE+W2V+FT+LEXVEC+SKE,[1 1 1 1 1],,,0.657,0.594,0.472,0.753,0.754,0.829,0.830,0.830,0.781,0.733,0.825,0.747,0.750,0.791,0.486,0.810,0.607,0.375,0.563
GLOVE+W2V+FT+LEXVEC+PDC,[1 1 1 1 1],,,0.664,0.598,0.482,0.743,0.761,0.835,0.836,0.835,0.793,0.747,0.837,0.754,0.754,0.831,0.474,0.849,0.595,0.380,0.560
GLOVE+W2V+FT+SKE+PDC,[1 1 1 1 1],,,0.661,0.593,0.469,0.750,0.753,0.831,0.832,0.832,0.796,0.750,0.830,0.761,0.751,0.818,0.476,0.837,0.603,0.373,0.559
GLOVE+W2V+jointcHYB+UKB+LEXVEC,[1 1 1 1 1],,,0.702,0.641,0.539,0.749,0.783,0.844,0.849,0.846,0.804,0.752,0.851,0.787,0.755,0.868,0.491,0.859,0.742,0.490,0.546
GLOVE+W2V+jointcHYB+UKB+SKE,[1 1 1 1 1],,,0.699,0.636,0.526,0.748,0.777,0.840,0.844,0.841,0.805,0.753,0.843,0.795,0.750,0.864,0.499,0.860,0.744,0.482,0.542
GLOVE+W2V+jointcHYB+UKB+PDC,[1 1 1 1 1],,,0.703,0.639,0.534,0.741,0.776,0.843,0.846,0.844,0.819,0.772,0.854,0.806,0.762,0.879,0.490,0.882,0.741,0.490,0.537
GLOVE+W2V+jointcHYB+LEXVEC+SKE,[1 1 1 1 1],,,0.679,0.613,0.500,0.744,0.771,0.833,0.836,0.834,0.791,0.739,0.834,0.770,0.747,0.838,0.498,0.842,0.676,0.426,0.549
GLOVE+W2V+jointcHYB+LEXVEC+PDC,[1 1 1 1 1],,,0.685,0.617,0.510,0.737,0.776,0.838,0.841,0.839,0.803,0.754,0.848,0.783,0.749,0.862,0.489,0.870,0.671,0.432,0.546
GLOVE+W2V+jointcHYB+SKE+PDC,[1 1 1 1 1],,,0.681,0.611,0.496,0.742,0.768,0.833,0.836,0.835,0.805,0.754,0.840,0.788,0.747,0.858,0.492,0.855,0.673,0.424,0.542
GLOVE+W2V+UKB+LEXVEC+SKE,[1 1 1 1 1],,,0.679,0.614,0.499,0.761,0.771,0.834,0.835,0.834,0.794,0.745,0.836,0.774,0.748,0.817,0.515,0.827,0.672,0.420,0.560
GLOVE+W2V+UKB+LEXVEC+PDC,[1 1 1 1 1],,,0.689,0.619,0.509,0.758,0.775,0.839,0.840,0.840,0.809,0.765,0.847,0.787,0.758,0.851,0.509,0.876,0.667,0.428,0.558
GLOVE+W2V+UKB+SKE+PDC,[1 1 1 1 1],,,0.685,0.613,0.496,0.762,0.767,0.835,0.836,0.835,0.809,0.763,0.838,0.797,0.752,0.852,0.515,0.863,0.665,0.420,0.555
GLOVE+W2V+LEXVEC+SKE+PDC,[1 1 1 1 1],,,0.652,0.583,0.466,0.750,0.750,0.824,0.825,0.824,0.787,0.740,0.826,0.760,0.741,0.794,0.477,0.824,0.591,0.358,0.548
GLOVE+FT+jointcHYB+UKB+LEXVEC,[1 1 1 1 1],,,0.708,0.650,0.549,0.749,0.795,0.854,0.859,0.856,0.819,0.769,0.859,0.794,0.779,0.876,0.471,0.854,0.763,0.498,0.557
GLOVE+FT+jointcHYB+UKB+SKE,[1 1 1 1 1],,,0.705,0.645,0.536,0.749,0.789,0.850,0.856,0.852,0.818,0.766,0.853,0.801,0.770,0.868,0.479,0.861,0.759,0.491,0.554
GLOVE+FT+jointcHYB+UKB+PDC,[1 1 1 1 1],,,0.709,0.649,0.546,0.744,0.787,0.853,0.858,0.855,0.831,0.786,0.860,0.812,0.781,0.889,0.461,0.888,0.747,0.500,0.548
GLOVE+FT+jointcHYB+LEXVEC+SKE,[1 1 1 1 1],,,0.686,0.623,0.510,0.744,0.784,0.844,0.848,0.845,0.803,0.750,0.844,0.780,0.763,0.842,0.486,0.849,0.691,0.434,0.560
GLOVE+FT+jointcHYB+LEXVEC+PDC,[1 1 1 1 1],,,0.691,0.628,0.522,0.738,0.789,0.849,0.853,0.850,0.817,0.769,0.854,0.791,0.771,0.869,0.470,0.866,0.684,0.442,0.558
GLOVE+FT+jointcHYB+SKE+PDC,[1 1 1 1 1],,,0.689,0.622,0.508,0.743,0.781,0.845,0.849,0.846,0.816,0.766,0.847,0.799,0.766,0.859,0.475,0.872,0.687,0.434,0.554
GLOVE+FT+UKB+LEXVEC+SKE,[1 1 1 1 1],,,0.688,0.624,0.509,0.761,0.783,0.845,0.847,0.845,0.808,0.761,0.844,0.784,0.771,0.825,0.502,0.843,0.690,0.429,0.571
GLOVE+FT+UKB+LEXVEC+PDC,[1 1 1 1 1],,,0.697,0.630,0.522,0.760,0.789,0.850,0.852,0.851,0.823,0.780,0.857,0.794,0.780,0.863,0.496,0.871,0.682,0.437,0.570
GLOVE+FT+UKB+SKE+PDC,[1 1 1 1 1],,,0.692,0.624,0.508,0.763,0.781,0.846,0.849,0.847,0.822,0.778,0.849,0.804,0.775,0.851,0.498,0.869,0.679,0.430,0.568
GLOVE+FT+LEXVEC+SKE+PDC,[1 1 1 1 1],,,0.661,0.594,0.476,0.750,0.764,0.835,0.837,0.836,0.800,0.754,0.834,0.771,0.760,0.808,0.466,0.844,0.602,0.366,0.562
GLOVE+jointcHYB+UKB+LEXVEC+SKE,[1 1 1 1 1],,,0.697,0.636,0.531,0.750,0.786,0.843,0.848,0.845,0.810,0.754,0.848,0.796,0.761,0.852,0.475,0.851,0.752,0.474,0.547
GLOVE+jointcHYB+UKB+LEXVEC+PDC,[1 1 1 1 1],,,0.703,0.640,0.541,0.744,0.787,0.848,0.852,0.849,0.825,0.778,0.859,0.809,0.773,0.878,0.469,0.875,0.744,0.483,0.541
GLOVE+jointcHYB+UKB+SKE+PDC,[1 1 1 1 1],,,0.699,0.634,0.527,0.745,0.781,0.843,0.847,0.844,0.823,0.773,0.851,0.817,0.763,0.867,0.471,0.875,0.739,0.475,0.537
GLOVE+jointcHYB+LEXVEC+SKE+PDC,[1 1 1 1 1],,,0.681,0.612,0.501,0.743,0.778,0.837,0.841,0.839,0.808,0.757,0.842,0.794,0.755,0.843,0.484,0.852,0.675,0.417,0.546
GLOVE+UKB+LEXVEC+SKE+PDC,[1 1 1 1 1],,,0.684,0.614,0.502,0.761,0.778,0.839,0.841,0.840,0.815,0.771,0.844,0.800,0.765,0.826,0.497,0.857,0.674,0.412,0.557
W2V+FT+jointcHYB+UKB+LEXVEC,[1 1 1 1 1],,,0.709,0.651,0.550,0.747,0.785,0.845,0.850,0.847,0.803,0.753,0.852,0.772,0.759,0.887,0.486,0.878,0.752,0.513,0.555
W2V+FT+jointcHYB+UKB+SKE,[1 1 1 1 1],,,0.707,0.647,0.537,0.749,0.780,0.842,0.847,0.844,0.805,0.753,0.846,0.783,0.756,0.880,0.495,0.873,0.754,0.506,0.552
W2V+FT+jointcHYB+UKB+PDC,[1 1 1 1 1],,,0.706,0.647,0.544,0.737,0.775,0.841,0.845,0.843,0.814,0.767,0.851,0.791,0.760,0.887,0.480,0.889,0.740,0.513,0.545
W2V+FT+jointcHYB+LEXVEC+SKE,[1 1 1 1 1],,,0.688,0.625,0.511,0.747,0.777,0.837,0.841,0.838,0.792,0.739,0.837,0.759,0.752,0.855,0.503,0.845,0.686,0.447,0.561
W2V+FT+jointcHYB+LEXVEC+PDC,[1 1 1 1 1],,,0.693,0.628,0.521,0.737,0.780,0.840,0.844,0.841,0.803,0.753,0.849,0.772,0.754,0.881,0.489,0.879,0.674,0.454,0.559
W2V+FT+jointcHYB+SKE+PDC,[1 1 1 1 1],,,0.690,0.623,0.508,0.741,0.773,0.836,0.840,0.837,0.804,0.751,0.842,0.778,0.753,0.873,0.494,0.881,0.678,0.447,0.554
W2V+FT+UKB+LEXVEC+SKE,[1 1 1 1 1],,,0.690,0.626,0.510,0.763,0.777,0.837,0.839,0.838,0.795,0.745,0.837,0.766,0.757,0.842,0.527,0.849,0.682,0.442,0.571
W2V+FT+UKB+LEXVEC+PDC,[1 1 1 1 1],,,0.697,0.630,0.520,0.756,0.779,0.840,0.842,0.841,0.806,0.760,0.848,0.772,0.760,0.866,0.520,0.888,0.668,0.450,0.570
W2V+FT+UKB+SKE+PDC,[1 1 1 1 1],,,0.693,0.624,0.507,0.760,0.772,0.837,0.839,0.838,0.808,0.761,0.841,0.783,0.760,0.860,0.520,0.874,0.673,0.443,0.566
W2V+FT+LEXVEC+SKE+PDC,[1 1 1 1 1],,,0.663,0.594,0.475,0.752,0.756,0.827,0.829,0.828,0.787,0.739,0.825,0.749,0.747,0.827,0.488,0.841,0.596,0.376,0.562
W2V+jointcHYB+UKB+LEXVEC+SKE,[1 1 1 1 1],,,0.699,0.637,0.533,0.750,0.779,0.836,0.841,0.838,0.799,0.742,0.844,0.782,0.745,0.862,0.495,0.860,0.741,0.489,0.543
W2V+jointcHYB+UKB+LEXVEC+PDC,[1 1 1 1 1],,,0.701,0.639,0.541,0.742,0.776,0.838,0.842,0.840,0.810,0.758,0.853,0.791,0.752,0.879,0.474,0.879,0.735,0.497,0.535
W2V+jointcHYB+UKB+SKE+PDC,[1 1 1 1 1],,,0.698,0.634,0.527,0.747,0.771,0.834,0.837,0.835,0.811,0.758,0.844,0.799,0.748,0.877,0.485,0.872,0.737,0.490,0.531
W2V+jointcHYB+LEXVEC+SKE+PDC,[1 1 1 1 1],,,0.682,0.613,0.503,0.745,0.771,0.830,0.834,0.832,0.797,0.744,0.840,0.773,0.744,0.859,0.502,0.855,0.667,0.430,0.542
W2V+UKB+LEXVEC+SKE+PDC,[1 1 1 1 1],,,0.685,0.614,0.503,0.762,0.770,0.831,0.833,0.832,0.802,0.751,0.840,0.780,0.750,0.844,0.527,0.861,0.662,0.425,0.553
FT+jointcHYB+UKB+LEXVEC+SKE,[1 1 1 1 1],,,0.707,0.649,0.543,0.750,0.792,0.848,0.854,0.850,0.813,0.759,0.851,0.791,0.770,0.870,0.481,0.855,0.759,0.499,0.562
FT+jointcHYB+UKB+LEXVEC+PDC,[1 1 1 1 1],,,0.710,0.652,0.552,0.742,0.790,0.850,0.854,0.851,0.825,0.778,0.859,0.801,0.775,0.888,0.472,0.886,0.745,0.508,0.556
FT+jointcHYB+UKB+SKE+PDC,[1 1 1 1 1],,,0.708,0.646,0.538,0.748,0.785,0.845,0.851,0.847,0.825,0.775,0.851,0.807,0.772,0.881,0.476,0.884,0.747,0.500,0.552
FT+jointcHYB+LEXVEC+SKE+PDC,[1 1 1 1 1],,,0.690,0.625,0.514,0.745,0.785,0.842,0.847,0.844,0.811,0.760,0.846,0.791,0.764,0.865,0.489,0.862,0.680,0.440,0.558
FT+UKB+LEXVEC+SKE+PDC,[1 1 1 1 1],,,0.694,0.627,0.515,0.764,0.785,0.843,0.846,0.845,0.819,0.773,0.848,0.794,0.774,0.853,0.509,0.862,0.676,0.436,0.572
jointcHYB+UKB+LEXVEC+SKE+PDC,[1 1 1 1 1],,,0.695,0.633,0.534,0.741,0.784,0.840,0.845,0.842,0.818,0.766,0.850,0.807,0.762,0.868,0.434,0.877,0.735,0.483,0.526
GLOVE+W2V+FT+jointcHYB+UKB+LEXVEC,[1 1 1 1 1 1],,,0.707,0.644,0.537,0.752,0.789,0.849,0.853,0.850,0.810,0.761,0.853,0.782,0.766,0.877,0.504,0.875,0.736,0.485,0.560
GLOVE+W2V+FT+jointcHYB+UKB+SKE,[1 1 1 1 1 1],,,0.703,0.640,0.527,0.752,0.783,0.846,0.850,0.847,0.811,0.761,0.848,0.791,0.763,0.870,0.507,0.867,0.735,0.479,0.557
GLOVE+W2V+FT+jointcHYB+UKB+PDC,[1 1 1 1 1 1],,,0.706,0.643,0.535,0.749,0.783,0.848,0.852,0.850,0.821,0.775,0.854,0.800,0.771,0.884,0.493,0.880,0.729,0.486,0.554
GLOVE+W2V+FT+jointcHYB+LEXVEC+SKE,[1 1 1 1 1 1],,,0.683,0.619,0.504,0.746,0.776,0.839,0.843,0.840,0.798,0.747,0.840,0.767,0.760,0.843,0.499,0.844,0.675,0.430,0.561
GLOVE+W2V+FT+jointcHYB+LEXVEC+PDC,[1 1 1 1 1 1],,,0.689,0.623,0.513,0.740,0.780,0.843,0.847,0.844,0.807,0.759,0.849,0.779,0.761,0.867,0.493,0.877,0.669,0.436,0.559
GLOVE+W2V+FT+jointcHYB+SKE+PDC,[1 1 1 1 1 1],,,0.687,0.618,0.501,0.744,0.774,0.840,0.843,0.841,0.807,0.758,0.844,0.785,0.758,0.863,0.494,0.876,0.671,0.429,0.556
GLOVE+W2V+FT+UKB+LEXVEC+SKE,[1 1 1 1 1 1],,,0.687,0.620,0.503,0.762,0.776,0.840,0.841,0.840,0.800,0.753,0.840,0.774,0.762,0.832,0.521,0.853,0.671,0.425,0.570
GLOVE+W2V+FT+UKB+LEXVEC+PDC,[1 1 1 1 1 1],,,0.694,0.624,0.513,0.759,0.780,0.844,0.845,0.844,0.810,0.766,0.849,0.782,0.768,0.861,0.510,0.888,0.664,0.432,0.569
GLOVE+W2V+FT+UKB+SKE+PDC,[1 1 1 1 1 1],,,0.691,0.620,0.501,0.761,0.773,0.841,0.842,0.841,0.812,0.766,0.842,0.790,0.764,0.857,0.517,0.881,0.664,0.425,0.566
GLOVE+W2V+FT+LEXVEC+SKE+PDC,[1 1 1 1 1 1],,,0.661,0.594,0.474,0.751,0.758,0.831,0.833,0.832,0.793,0.747,0.831,0.759,0.753,0.811,0.479,0.843,0.600,0.372,0.561
GLOVE+W2V+jointcHYB+UKB+LEXVEC+SKE,[1 1 1 1 1 1],,,0.696,0.632,0.522,0.753,0.782,0.840,0.844,0.842,0.803,0.752,0.843,0.788,0.753,0.859,0.502,0.850,0.729,0.465,0.552
GLOVE+W2V+jointcHYB+UKB+LEXVEC+PDC,[1 1 1 1 1 1],,,0.702,0.636,0.531,0.750,0.783,0.844,0.847,0.845,0.815,0.766,0.854,0.796,0.761,0.876,0.495,0.883,0.723,0.472,0.548
GLOVE+W2V+jointcHYB+UKB+SKE+PDC,[1 1 1 1 1 1],,,0.699,0.631,0.520,0.751,0.777,0.840,0.843,0.841,0.816,0.767,0.846,0.804,0.759,0.870,0.502,0.881,0.722,0.466,0.545
GLOVE+W2V+jointcHYB+LEXVEC+SKE+PDC,[1 1 1 1 1 1],,,0.679,0.610,0.497,0.747,0.772,0.834,0.838,0.835,0.801,0.751,0.839,0.779,0.751,0.845,0.495,0.849,0.662,0.416,0.549
GLOVE+W2V+UKB+LEXVEC+SKE+PDC,[1 1 1 1 1 1],,,0.681,0.611,0.497,0.762,0.771,0.835,0.837,0.836,0.806,0.761,0.840,0.784,0.757,0.836,0.512,0.850,0.658,0.411,0.558
GLOVE+FT+jointcHYB+UKB+LEXVEC+SKE,[1 1 1 1 1 1],,,0.703,0.640,0.531,0.752,0.792,0.849,0.854,0.851,0.814,0.763,0.852,0.793,0.772,0.863,0.493,0.858,0.741,0.473,0.561
GLOVE+FT+jointcHYB+UKB+LEXVEC+PDC,[1 1 1 1 1 1],,,0.708,0.644,0.541,0.750,0.793,0.853,0.857,0.854,0.827,0.781,0.862,0.804,0.780,0.880,0.485,0.880,0.734,0.481,0.558
GLOVE+FT+jointcHYB+UKB+SKE+PDC,[1 1 1 1 1 1],,,0.704,0.639,0.529,0.753,0.787,0.849,0.854,0.851,0.826,0.778,0.854,0.809,0.775,0.875,0.485,0.876,0.731,0.474,0.555
GLOVE+FT+jointcHYB+LEXVEC+SKE+PDC,[1 1 1 1 1 1],,,0.686,0.619,0.506,0.746,0.783,0.843,0.848,0.845,0.812,0.763,0.846,0.792,0.767,0.849,0.484,0.861,0.672,0.424,0.559
GLOVE+FT+UKB+LEXVEC+SKE+PDC,[1 1 1 1 1 1],,,0.688,0.620,0.506,0.764,0.783,0.844,0.847,0.845,0.818,0.773,0.849,0.795,0.776,0.840,0.499,0.863,0.666,0.419,0.568
GLOVE+jointcHYB+UKB+LEXVEC+SKE+PDC,[1 1 1 1 1 1],,,0.696,0.631,0.525,0.751,0.786,0.844,0.848,0.845,0.819,0.770,0.851,0.807,0.767,0.856,0.486,0.855,0.727,0.459,0.548
W2V+FT+jointcHYB+UKB+LEXVEC+SKE,[1 1 1 1 1 1],,,0.704,0.642,0.533,0.753,0.785,0.843,0.847,0.844,0.804,0.752,0.847,0.781,0.759,0.872,0.505,0.869,0.730,0.485,0.560
W2V+FT+jointcHYB+UKB+LEXVEC+PDC,[1 1 1 1 1 1],,,0.706,0.644,0.541,0.747,0.785,0.845,0.849,0.846,0.814,0.767,0.855,0.785,0.765,0.886,0.491,0.882,0.722,0.492,0.557
W2V+FT+jointcHYB+UKB+SKE+PDC,[1 1 1 1 1 1],,,0.704,0.640,0.529,0.752,0.780,0.841,0.846,0.843,0.815,0.766,0.847,0.795,0.762,0.884,0.498,0.879,0.722,0.486,0.554
W2V+FT+jointcHYB+LEXVEC+SKE+PDC,[1 1 1 1 1 1],,,0.688,0.620,0.506,0.746,0.777,0.837,0.841,0.838,0.802,0.750,0.842,0.773,0.755,0.860,0.502,0.873,0.666,0.434,0.560
W2V+FT+UKB+LEXVEC+SKE+PDC,[1 1 1 1 1 1],,,0.690,0.621,0.506,0.763,0.776,0.838,0.840,0.839,0.805,0.758,0.842,0.777,0.761,0.852,0.522,0.875,0.658,0.430,0.568
W2V+jointcHYB+UKB+LEXVEC+SKE+PDC,[1 1 1 1 1 1],,,0.698,0.632,0.526,0.753,0.779,0.837,0.841,0.839,0.810,0.757,0.848,0.794,0.755,0.872,0.498,0.867,0.720,0.472,0.544
FT+jointcHYB+UKB+LEXVEC+SKE+PDC,[1 1 1 1 1 1],,,0.705,0.642,0.535,0.753,0.791,0.847,0.852,0.848,0.822,0.772,0.854,0.801,0.773,0.873,0.491,0.874,0.728,0.480,0.561
GLOVE+W2V+FT+jointcHYB+UKB+LEXVEC+SKE,[1 1 1 1 1 1 1],,,0.699,0.635,0.524,0.754,0.786,0.845,0.849,0.846,0.807,0.759,0.847,0.782,0.765,0.862,0.511,0.857,0.717,0.464,0.562
GLOVE+W2V+FT+jointcHYB+UKB+LEXVEC+PDC,[1 1 1 1 1 1 1],,,0.704,0.639,0.531,0.752,0.788,0.848,0.851,0.849,0.817,0.771,0.856,0.790,0.772,0.878,0.503,0.879,0.712,0.471,0.560
GLOVE+W2V+FT+jointcHYB+UKB+SKE+PDC,[1 1 1 1 1 1 1],,,0.702,0.635,0.522,0.754,0.782,0.845,0.849,0.846,0.817,0.771,0.850,0.800,0.767,0.873,0.510,0.883,0.713,0.465,0.557
GLOVE+W2V+FT+jointcHYB+LEXVEC+SKE+PDC,[1 1 1 1 1 1 1],,,0.682,0.616,0.501,0.747,0.776,0.839,0.843,0.840,0.805,0.756,0.842,0.778,0.761,0.845,0.495,0.855,0.660,0.421,0.559
GLOVE+W2V+FT+UKB+LEXVEC+SKE+PDC,[1 1 1 1 1 1 1],,,0.685,0.617,0.501,0.761,0.775,0.840,0.842,0.841,0.808,0.763,0.843,0.782,0.765,0.842,0.512,0.862,0.654,0.417,0.567
GLOVE+W2V+jointcHYB+UKB+LEXVEC+SKE+PDC,[1 1 1 1 1 1 1],,,0.696,0.628,0.518,0.755,0.781,0.840,0.844,0.842,0.812,0.763,0.848,0.796,0.760,0.862,0.506,0.864,0.710,0.453,0.552
GLOVE+FT+jointcHYB+UKB+LEXVEC+SKE+PDC,[1 1 1 1 1 1 1],,,0.700,0.635,0.526,0.755,0.790,0.848,0.853,0.850,0.821,0.773,0.854,0.802,0.774,0.866,0.493,0.863,0.718,0.460,0.560
W2V+FT+jointcHYB+UKB+LEXVEC+SKE+PDC,[1 1 1 1 1 1 1],,,0.703,0.636,0.527,0.755,0.785,0.842,0.847,0.844,0.812,0.763,0.850,0.791,0.763,0.876,0.507,0.881,0.712,0.470,0.560
GLOVE+W2V+FT+jointcHYB+UKB+LEXVEC+SKE+PDC,[1 1 1 1 1 1 1 1],,,0.699,0.631,0.520,0.755,0.785,0.844,0.848,0.846,0.814,0.767,0.850,0.792,0.767,0.866,0.508,0.874,0.701,0.454,0.561